start,end,speaker,sentence,emotion
0.0,7.0,SPEAKER_05,東京都知事選2024ネット討論会 よろしくお願いします,"[{""score"": 0.2774486541748047, ""label"": ""ang""}, {""score"": 0.26195308566093445, ""label"": ""neu""}, {""score"": 0.2364036738872528, ""label"": ""joy""}, {""score"": 0.22419461607933044, ""label"": ""sad""}]"
7.0,16.0,SPEAKER_06,はい始まったんですけどもちょっとここから早速5分事務的な説明が入りますのでちょっとすみません本当伊田さんよろしくお願いします,"[{""score"": 0.27184125781059265, ""label"": ""joy""}, {""score"": 0.2598781883716583, ""label"": ""ang""}, {""score"": 0.2417093962430954, ""label"": ""neu""}, {""score"": 0.2265712022781372, ""label"": ""sad""}]"
16.0,111.0,SPEAKER_01,YouTubeをご覧の皆様こんばんは7月7日東海標の東京都知事選挙に向けたネット討論会のお時間ですただいまこちらの会場には4名の候補者に来ていただいております本日司会を務めます公益者団法人東京青年会議所伊田沙織と申しますどうぞよろしくお願いいたします本討論会では誠に勝手ながら立候補者が多数であることから東京青年会議所が定めた要件に該当している候補者のみのご参加とさせていただきました今回の要件は国会議員経験者首長経験者国政政党所属または国政政党から推薦された方過去の都知事選挙において強拓金募集されたことのない方となりますまた本日の座席及び紹介の順番は画面向かって左より届けて順とさせていただきましたなお継承につきましては3で統一させていただきますあらかじめご了承くださいそれでは選挙戦の大変お忙しい中にもかかわらず本討論会の趣旨をご理解いただきご参加いただいた候補者の皆様を早速ご紹介させていただきます小池裕子さん,"[{""score"": 0.2648244798183441, ""label"": ""joy""}, {""score"": 0.2635759711265564, ""label"": ""ang""}, {""score"": 0.24252688884735107, ""label"": ""neu""}, {""score"": 0.22907264530658722, ""label"": ""sad""}]"
111.0,113.0,SPEAKER_02,よろしくお願いいたします,"[{""score"": 0.29126429557800293, ""label"": ""joy""}, {""score"": 0.270827054977417, ""label"": ""neu""}, {""score"": 0.25011304020881653, ""label"": ""sad""}, {""score"": 0.18779563903808594, ""label"": ""ang""}]"
113.0,123.0,SPEAKER_01,石丸新二さんよろしくお願いします田上俊雄さんよろしくお願いします蓮舫さん,"[{""score"": 0.2860727310180664, ""label"": ""joy""}, {""score"": 0.2798236906528473, ""label"": ""neu""}, {""score"": 0.2250100076198578, ""label"": ""sad""}, {""score"": 0.2090936154127121, ""label"": ""ang""}]"
123.0,125.0,SPEAKER_03,こんばんはよろしくお願いします,"[{""score"": 0.26825302839279175, ""label"": ""joy""}, {""score"": 0.25266653299331665, ""label"": ""neu""}, {""score"": 0.24778656661510468, ""label"": ""sad""}, {""score"": 0.23129388689994812, ""label"": ""ang""}]"
125.0,170.0,SPEAKER_01,候補者の皆様お忙しい中お越しいただき誠にありがとうございます今回の討論会実施にあたり候補者の皆様には事前に質問表をお送りし視聴者の皆様が政策を比較できるように一覧にしております概要欄にリンクがございますのでぜひご覧ください最後に本日のファシリテータを紹介いたします公益者南方陣東京青年会議所政治行政政策委員会委員長田中久人君とYouTubeチャンネルリハクを運営する高橋博樹さんですそれではここからの司会を田中君お願いいたします,"[{""score"": 0.28953659534454346, ""label"": ""ang""}, {""score"": 0.24820385873317719, ""label"": ""neu""}, {""score"": 0.23778483271598816, ""label"": ""joy""}, {""score"": 0.2244747132062912, ""label"": ""sad""}]"
170.0,270.0,SPEAKER_05,はいご紹介いただきました東京青年会議所の田中ですよろしくお願いいたしますまずは本討論会の趣旨について述べさせていただきます選挙において有権者が投票に行かない理由の一つに候補者間の政策の違いが分かりにくいという点が挙げられておりますよって本日のネット討論会こちらを通じて有権者の皆様に候補者の皆様方の政策の違いを分かりやすくお届けするといった目的で行っております発言は公平を期すため時間制限がございます発言ごとの制限時間につきましてはその都度私とリハクの高橋さんからあらかじめ説明させていただきます発言終了時間15秒前にベルを1回発言終了時間にはですねベルを2回このように鳴らしますので発言を直ちに終了していただくようお願いいたしますあとはですね回答順に関しても先ほどお伝えしましたとおり公平を期すためにまずは小池さんそして石丸さんのようにですね時計回りで行わせていただくんですが次の順番の場合はですね石丸さんそして玉上さんといったようにですね発言順を回させていただきますのでお願いいたしますまた今回は共通質問クロストークの時間も設けさせていただきますのでこれらの場合には指名した方からご発言いただくようお願いしますそれでは最初に自己紹介を皆様お一人1分ずつしていただきますのでこの自己紹介の進行を李伯倉高橋さんにお願いしたいと思います,"[{""score"": 0.2720492482185364, ""label"": ""ang""}, {""score"": 0.26100245118141174, ""label"": ""joy""}, {""score"": 0.2572941780090332, ""label"": ""neu""}, {""score"": 0.2096540331840515, ""label"": ""sad""}]"
270.0,281.0,SPEAKER_06,はいでは皆様よろしくお願いいたしますそれでは自己紹介をお一人1分でお願いいたしたいと思いますじゃあ最初は小池由里子さんからお願いしてもよろしいでしょうか,"[{""score"": 0.28913548588752747, ""label"": ""ang""}, {""score"": 0.2456079125404358, ""label"": ""joy""}, {""score"": 0.2341248244047165, ""label"": ""neu""}, {""score"": 0.23113182187080383, ""label"": ""sad""}]"
284.0,331.0,SPEAKER_02,こんばんは小池由里子でございます東京都知事小池でございます正解に入る前はテレビキャスターワールドビジネス金融経済番組の初代のキャスターを務めておりました参議院衆議院そしてまた環境大臣としてクールビズをスタートいたしましたまた防衛大臣として国防の重積を担ってまいりました2期8年の間に8100億円の業財政改革による予算を確保そしてチルトレンファーストの都政を進めてまいりました待機児童数も8500から今ほぼ0となっております短いんですね,"[{""score"": 0.2717779278755188, ""label"": ""ang""}, {""score"": 0.26579293608665466, ""label"": ""joy""}, {""score"": 0.24522577226161957, ""label"": ""neu""}, {""score"": 0.21720337867736816, ""label"": ""sad""}]"
331.0,333.0,SPEAKER_06,10秒余っちゃいましたけど大丈夫ですか,"[{""score"": 0.27360206842422485, ""label"": ""ang""}, {""score"": 0.267813116312027, ""label"": ""joy""}, {""score"": 0.23271088302135468, ""label"": ""neu""}, {""score"": 0.22587387263774872, ""label"": ""sad""}]"
333.0,340.0,SPEAKER_02,そういうことねそうなんですよわかりました次回からそうしますありがとうございます,"[{""score"": 0.27805086970329285, ""label"": ""joy""}, {""score"": 0.24558676779270172, ""label"": ""neu""}, {""score"": 0.23991608619689941, ""label"": ""ang""}, {""score"": 0.23644623160362244, ""label"": ""sad""}]"
340.0,352.0,SPEAKER_06,小池さん東京大改革3.0というのが今回の標語として掲げられていると思うんですけども前回2.0だったというのは存じ上げているんですけど3.0ってどういう意味なんですか,"[{""score"": 0.28135553002357483, ""label"": ""ang""}, {""score"": 0.24900846183300018, ""label"": ""neu""}, {""score"": 0.23640167713165283, ""label"": ""sad""}, {""score"": 0.23323433101177216, ""label"": ""joy""}]"
352.0,397.0,SPEAKER_02,1.0で業財政改革構造改革情報公開そして都民ファーストの都政そして2期目でございますけれども人が輝く東京ということで進めました2期目は1200日間コロナでまたオリンピックパラリンピックの開催ということでなかなか前に進むこともできませんでしたが都民の皆さんのご協力を得てなんとか100万人あたりの亡くなる方の率数ですねこれを世界で2番目に低い数字に抑えることができましたでも亡くなりになられた方々のご冥福を祈りしたいと思います本当に大変な時期でございましたがご協力ありがとうございます,"[{""score"": 0.27012139558792114, ""label"": ""ang""}, {""score"": 0.24861027300357819, ""label"": ""sad""}, {""score"": 0.2441670447587967, ""label"": ""joy""}, {""score"": 0.23710134625434875, ""label"": ""neu""}]"
397.0,402.0,SPEAKER_06,じゃあ続きまして石丸信治さん1分でお願いいたします,"[{""score"": 0.29301270842552185, ""label"": ""ang""}, {""score"": 0.25847482681274414, ""label"": ""neu""}, {""score"": 0.24099598824977875, ""label"": ""joy""}, {""score"": 0.20751650631427765, ""label"": ""sad""}]"
402.0,454.0,SPEAKER_04,皆さんこんばんは石丸信治ですまず経歴をご紹介しますと三菱UFJ銀行で経済を分析するアナリストとして活動していましたその間で4年半ほどアメリカのニューヨークに駐在をしアメリカ大陸北はカナダから南はチリまで主要休暇国を1人で担当するという金融経済の専門家をしていましたそしてその後地元広島県の秋高田市に戻って市長を4年ほど努めていますまとめると経済の理論そして実践を知る初の東京都知事を目指しそして首都東京を成長させ日本国を牽引していきたいと考えていますどうぞよろしくお願いします,"[{""score"": 0.2614558935165405, ""label"": ""ang""}, {""score"": 0.25927168130874634, ""label"": ""joy""}, {""score"": 0.25017184019088745, ""label"": ""neu""}, {""score"": 0.22910064458847046, ""label"": ""sad""}]"
454.0,473.0,SPEAKER_06,石丸さんの動画はウェブで今すごい再生されてて羽根木さんのバシッというような姿がいいなと思って回っているのかもしれないですけどただそのスタイルだと議会でちょっと揉めちゃうんじゃないかというふうに不安があって東京都議会が大きいですから東京都議会は本当にまとめられるんですか,"[{""score"": 0.269389808177948, ""label"": ""neu""}, {""score"": 0.26622283458709717, ""label"": ""ang""}, {""score"": 0.24155323207378387, ""label"": ""joy""}, {""score"": 0.22283412516117096, ""label"": ""sad""}]"
473.0,489.0,SPEAKER_04,二元代表制のあるべき姿をやはりどこに行っても追求したいと思いますその意味で皆さん知ってますかねぜぜひこれを本来的にやっていけば問題はないというふうに考えています,"[{""score"": 0.26923054456710815, ""label"": ""neu""}, {""score"": 0.24977149069309235, ""label"": ""ang""}, {""score"": 0.24923047423362732, ""label"": ""joy""}, {""score"": 0.2317674607038498, ""label"": ""sad""}]"
489.0,495.0,SPEAKER_06,ありがとうございます続いては田上俊雄さん1分でお願いいたします,"[{""score"": 0.27554216980934143, ""label"": ""ang""}, {""score"": 0.2586413323879242, ""label"": ""joy""}, {""score"": 0.24028244614601135, ""label"": ""neu""}, {""score"": 0.22553400695323944, ""label"": ""sad""}]"
495.0,551.0,SPEAKER_00,田上俊雄です防衛大学校を卒業したあと40年間航空自衛隊に勤務をしました最終ポストは航空自衛隊のトップの航空爆料庁ということで時の防衛大臣小池裕子防衛大臣に使いました私は体育会計で体を動かすのが好きで趣味はゴルフであります今も毎朝サーキットトレーニングをやったりして体は期待しております75歳ですでも皆さんからは74歳にしか見えないと言われていますですからトランプ大統領やYDN大統領はずっと若いのでまだ活躍できるかなという思いでこの東京を安全でしてしかも暮らしやすい豊かな街にしようということで立候補しましたよろしくお願いします,"[{""score"": 0.25931718945503235, ""label"": ""ang""}, {""score"": 0.2585436999797821, ""label"": ""sad""}, {""score"": 0.2439863681793213, ""label"": ""neu""}, {""score"": 0.23815277218818665, ""label"": ""joy""}]"
551.0,557.0,SPEAKER_06,田上さん小池さんに使えられていたということですけれども田上さんから見て小池さんどんな上司でした,"[{""score"": 0.2784827649593353, ""label"": ""ang""}, {""score"": 0.26602429151535034, ""label"": ""neu""}, {""score"": 0.23550750315189362, ""label"": ""joy""}, {""score"": 0.2199854552745819, ""label"": ""sad""}]"
557.0,565.0,SPEAKER_00,直属の上司なんですよね航空爆料庁ですから直属の上司いや素晴らしい大臣でした,"[{""score"": 0.2902800142765045, ""label"": ""ang""}, {""score"": 0.2621288299560547, ""label"": ""sad""}, {""score"": 0.22485920786857605, ""label"": ""joy""}, {""score"": 0.22273185849189758, ""label"": ""neu""}]"
565.0,572.0,SPEAKER_06,小池さんよかったですね続きまして蓮舫さん1分でお願いいたします,"[{""score"": 0.2611727714538574, ""label"": ""joy""}, {""score"": 0.25898587703704834, ""label"": ""ang""}, {""score"": 0.2496625781059265, ""label"": ""neu""}, {""score"": 0.23017871379852295, ""label"": ""sad""}]"
572.0,628.0,SPEAKER_03,蓮舫ですこんばんは台湾人の父と日本人の母に生まれ東京で生まれ東京で育ち東京で娘と息子の双子を育ててきました幼稚園から大学まで青山学院表参道渋谷は特に思い入れがありますがその後ニュースキャスターを経て20年間東京選挙区から参議院議員として選ばれてきました専門は行政改革ですこれはもう誰にも負けない自信がありますその東京から選ばれて参議院議員になったときには東京全部を回ってそれぞれの古い街並み新しい街並み全部が好きです今回私はこの東京のために私のこれまでの経験全部注ぎたいワクワクする東京を作りたいと思って手を挙げました趣味は筋トレです大好きなものは激辛ですそして飼っているのは保護犬のうるるくん21歳の藤子ちゃんです,"[{""score"": 0.27238935232162476, ""label"": ""ang""}, {""score"": 0.2514803111553192, ""label"": ""joy""}, {""score"": 0.23819249868392944, ""label"": ""neu""}, {""score"": 0.2379378080368042, ""label"": ""sad""}]"
628.0,636.0,SPEAKER_06,ありがとうございます蓮舫さん直前まで立憲民主党にいらっしゃって離島して離婚してなかなか決意だと思うんですけども,"[{""score"": 0.2710864245891571, ""label"": ""ang""}, {""score"": 0.2573671042919159, ""label"": ""joy""}, {""score"": 0.2445448786020279, ""label"": ""neu""}, {""score"": 0.22700151801109314, ""label"": ""sad""}]"
637.0,664.0,SPEAKER_03,一般的に首長は現職もそうなんですけども無所属で戦うのは珍しくないまた一人でも多くのオール東京の皆様方にやっぱり支えていただきたいし今まで接点のなかった方たちにも私の作りたい東京をやっぱり見てもらいたいその部分では書き根を越えていろんな方から声掛けをいただいてご支援をいただきたいと思って離島しました無所属でゼロからの挑戦ですチャレンジャーです,"[{""score"": 0.266823410987854, ""label"": ""joy""}, {""score"": 0.2613215148448944, ""label"": ""neu""}, {""score"": 0.23870252072811127, ""label"": ""ang""}, {""score"": 0.23315252363681793, ""label"": ""sad""}]"
665.0,681.0,SPEAKER_06,ありがとうございますでは続きまして東京都知事選ということで皆様が思う東京都の魅力はどのようなところだったか聞いてみたいと思いますこちらもお一人一分でお願いします最近まで秋高田市長でしたからねしばらく東京離れてたと思うんですけど石丸さんからお願いいたします,"[{""score"": 0.2720641791820526, ""label"": ""neu""}, {""score"": 0.26116934418678284, ""label"": ""ang""}, {""score"": 0.24354520440101624, ""label"": ""joy""}, {""score"": 0.2232213318347931, ""label"": ""sad""}]"
681.0,734.0,SPEAKER_04,東京の東京の魅力は何と言っても経済力だと思います世界中を見渡してみてもこれほど豊かな国都市っていうのは多くないと思います実際ニューヨークその中でも真ん中に住んでみて確かにニューヨークは国際金融都市ですし経済のあのアメリカの経済の中心ではありますしかしそれでも暮らしという観点で見ればはるかに段違いに東京の方が上だと思いますしかしその東京の豊かさは経済あってこそ保たれてきた保たれているその意味ではこれから先の東京のその魅力果たしていつまで保たれるんだろうかなそこに一抹どころではない計りしれない不安を覚えているというのが現状です,"[{""score"": 0.27650296688079834, ""label"": ""ang""}, {""score"": 0.25985634326934814, ""label"": ""joy""}, {""score"": 0.24310413002967834, ""label"": ""neu""}, {""score"": 0.22053654491901398, ""label"": ""sad""}]"
734.0,738.0,SPEAKER_06,ありがとうございます続きまして田間上さんお願いしてよろしいでしょうか,"[{""score"": 0.2696865499019623, ""label"": ""neu""}, {""score"": 0.2658947706222534, ""label"": ""ang""}, {""score"": 0.24643266201019287, ""label"": ""joy""}, {""score"": 0.21798598766326904, ""label"": ""sad""}]"
739.0,794.0,SPEAKER_00,東京はまず食べ物がおいしいことが私は一番魅力ではないかなというふうに思っております何でもある何でも思えば食べに行けるということで素晴らしい町だなと思います日本人特有のこの優しさこれも東京の町ではいろいろ行政上それから相互の思いやり上作り上げられているのではないかなというふうに思っていますあとどこに行くのにも非常に便利ですね行動の自由が確保されているということで東京から出てくるのも入ってくるのもただ若干最近道路がこむからこれは何とかしなきゃいけないかなというふうには思っていますけれども本当素晴らしい何でも自由にできるおいしい町だなというふうに思っています,"[{""score"": 0.27263498306274414, ""label"": ""joy""}, {""score"": 0.2574261724948883, ""label"": ""neu""}, {""score"": 0.24586747586727142, ""label"": ""ang""}, {""score"": 0.22407129406929016, ""label"": ""sad""}]"
794.0,799.0,SPEAKER_06,おいしい町と蓮舫さんは東京選挙区で長いですけどどうでしょう東京の魅力,"[{""score"": 0.2829635739326477, ""label"": ""ang""}, {""score"": 0.2535214424133301, ""label"": ""joy""}, {""score"": 0.23649238049983978, ""label"": ""neu""}, {""score"": 0.22702260315418243, ""label"": ""sad""}]"
799.0,854.0,SPEAKER_03,東京は何でもある夢を叶えられる場所だと思っていますここで生まれ育った子も他の町からやってきた子も本当にビジネスでもチャンスがあるし国政性もあるしそれこそ多様性もあるしリーダーとして日本を牽引していく力もあるし世界でも東京という都市はやっぱり評価が高い残念ながらやっぱりその豊かさで言うとね確かに手取りは47都道府県のうち3位なんですけれどもそこから高熱費水費とか家賃とかあるいは食料費とか交通費土費これを引いたら実は手取りは47都道府県でワースワーになっちゃうんです47位だからやっぱりここをもう少し増やして差し上げる使えるお金をもっと増やして差し上げればもっともっと諦めないで住む東京になれると思っているんです私はそれができる町だと思っています,"[{""score"": 0.26136720180511475, ""label"": ""joy""}, {""score"": 0.25912725925445557, ""label"": ""ang""}, {""score"": 0.24703040719032288, ""label"": ""neu""}, {""score"": 0.23247508704662323, ""label"": ""sad""}]"
854.0,858.0,SPEAKER_06,ありがとうございます最後は小池さんに伺いたいと思います,"[{""score"": 0.28562623262405396, ""label"": ""ang""}, {""score"": 0.24321985244750977, ""label"": ""joy""}, {""score"": 0.23717693984508514, ""label"": ""neu""}, {""score"": 0.23397693037986755, ""label"": ""sad""}]"
858.0,919.0,SPEAKER_02,東京の魅力それは日本人は逆によく理解していない部分だと思いますこんなに安全で安心な町はありません1400万人の人口がありそしてまた近隣から毎日通勤通学で300万人が東京に来られまた帰っていくその中でこれほどの精緻なシステムで交通が安全に動いているメトロからJRからいろんな鉄道も完備をいたしております何よりも清潔なことはこれはですね海外の人たちは本当に驚くゴミ箱がないどこに捨てているんだということも言われますゴミ箱がないからこそ日本人そして東京の方々は清潔さを守っている何よりもおいしいという点も大変大きなポイントだと思いますOld meets new革新と伝統が合わさっているそれが東京の魅力です,"[{""score"": 0.28062471747398376, ""label"": ""ang""}, {""score"": 0.2674545347690582, ""label"": ""neu""}, {""score"": 0.23817633092403412, ""label"": ""joy""}, {""score"": 0.21374446153640747, ""label"": ""sad""}]"
919.0,928.0,SPEAKER_06,ありがとうございますそれではここから候補者の方への共通質問に入っていきたいと思います田中さん共通質問よろしくお願いしますはいありがとうございます,"[{""score"": 0.27626630663871765, ""label"": ""ang""}, {""score"": 0.258510023355484, ""label"": ""joy""}, {""score"": 0.24689482152462006, ""label"": ""neu""}, {""score"": 0.2183288186788559, ""label"": ""sad""}]"
928.0,981.0,SPEAKER_05,それでは共通質問に移らせていただく前に一つだけご案内をさせていただくんですけれども今回のネット討論会のアンケートですねこちらのリンクが概要欄に表示しております今後ですねこの討論会をどのように行っていくなど私たちの活動への参考にさせていただきたいと思っておりますので番組概要欄のリンクからですねぜひお答えいただくようお願いしますそれでは共通質問に移らせていただきますこれから挙げる質問についてお一人2分でお答えをお願いいたします一つ目のテーマは今回の選挙で最も訴えたいこと訴えたい政策についてですそれでは順番まず田上俊雄さんからお願いします,"[{""score"": 0.2707872986793518, ""label"": ""ang""}, {""score"": 0.2658466398715973, ""label"": ""neu""}, {""score"": 0.2405765950679779, ""label"": ""joy""}, {""score"": 0.222789466381073, ""label"": ""sad""}]"
981.0,1103.0,SPEAKER_00,都政の目標はですねより安全でより豊かな東京を東京都民に提供することだと思いますそういった中で私はまず一つは災害に強い東京にしたいということを思いますそれは100年に一遍ぐらい地震が起きている中でですね今年のと半島で地震が起きて復興が進まない4月に台湾で3ヶ月遅れて地震が起きたにもかかわらず台湾は復興が早い何かが違う準備が違うんだと思うんですよねだからこの災害に強い東京を作りたいとそれから教育をですね私は直すべきだと思っているんです日本人としての誇りを持てる教育に日本の悪口ばかりを教えるような歴史教育ではまずいと思うんですよね昔の日本人は得のある日本人がこの外国からも褒められていたということでですね私は教育職語とか修身の教科書ですね右翼的だとかね軍国式だとか言われないですけど読んでみたらすごくいいもんだしアメリカではThe Book of Virtueという教育職語の翻訳版が使われている3000万本を売れて聖書の次に売れているということですからこういったものを私は復活したらいいんじゃないかなというふうな思いがありますそれからあとは若い人がですね今生活が苦しいということで都民税の減税をですねやったらいいんではないかなと住宅手当なんかも今会社からあんまり出ない昔と違ってこれも会社にもお願いをして都民税住宅手当を出す企業については法人税の減税とかを考えていきたいなとそれと外国人の有無政策いろいろありますけどもこれを見直すべきではないかなと日本もちょっと傾いてきたんですねと思います最後はAIが発達してきましたので都民のこの思いをですね迅速に行政に反映させていくという意味でAIを使ったAI無安箱みたいのを設けたいなというふうに思っています以上です,"[{""score"": 0.26842084527015686, ""label"": ""joy""}, {""score"": 0.26011019945144653, ""label"": ""ang""}, {""score"": 0.23966564238071442, ""label"": ""neu""}, {""score"": 0.2318033128976822, ""label"": ""sad""}]"
1103.0,1106.0,SPEAKER_05,はいありがとうございます次はれんおさん2分でお願いいたします,"[{""score"": 0.2805057466030121, ""label"": ""ang""}, {""score"": 0.2545629143714905, ""label"": ""sad""}, {""score"": 0.23269663751125336, ""label"": ""neu""}, {""score"": 0.2322346717119217, ""label"": ""joy""}]"
1106.0,1224.0,SPEAKER_03,はいありがとうございます若者の手取りを増やすもうここに特に力を入れたいんですどうしても若者というのは大学から社会に出るのはこれまで家庭が支えるという空気があったけれども残念ながら格差が広がって今頑張っても抜け出せない子たちが増えてるんですね小学金の負担を特に教育や保育や介護や医療で頑張っている若い人たちには都がその偏災を支援をするそうするとテロビーも増えます不安定雇用から安定雇用に公契約条例を作って東京都と契約する企業にそこの企業で働く方たちの環境を改善してもらう間から始めることで民へ波及させる東京から始めることで地方へ発展させるこのことができれば若い人たちは何かを諦めないで済む結婚したかったらすればいい子どもがほっちゃったらモテるそういう自分らしい生き方ができるように私は若者に視点を当てたいこれまでの少子化対策あるいはこれまでの経済対策防衛防災など東京がこれまで続けてきた行政の継続性は大事にしますその上で私ができること例えば行革は専門です小池都知事が頑張ってくださったんですけれども見える顔した良さのバックデータとなるどこに誰がいくら受注したかという情報がまだ薄いんですね公開が例えばプロジェクションマッピング実行委員会方式で都と新宿と東京観光財団が入っているんですけれどもここの実行委員会が運営を担っているそこまでのお金の出し方2年48億は明らかになっているんですがこの実行委員会が随契約特命契約でどこに契約をした契約書は契約根拠はお金の流れは正しく使われているのかは残念ながら情報公開されてないんです都議会でも答えられていないここも含めて私は情報公開することで新しいビジネスチャンスをそこに生まれることができると思っています,"[{""score"": 0.2713720500469208, ""label"": ""ang""}, {""score"": 0.2447282373905182, ""label"": ""joy""}, {""score"": 0.24419192969799042, ""label"": ""sad""}, {""score"": 0.2397077977657318, ""label"": ""neu""}]"
1224.0,1229.0,SPEAKER_05,ありがとうございます次は小池玉子さん2分でお願いいたします,"[{""score"": 0.2886863350868225, ""label"": ""ang""}, {""score"": 0.24729658663272858, ""label"": ""sad""}, {""score"": 0.23472610116004944, ""label"": ""neu""}, {""score"": 0.22929096221923828, ""label"": ""joy""}]"
1230.0,1351.0,SPEAKER_02,東京大改革1.0、2.0で続けてまいりました今度バージョンアップさせて東京大改革3.0で進めていきたいと考えておりますそしてそのキーワードは首都防衛でございます首都を構成している都民の皆様方の命と暮らしを守っていくそして災害あらゆる危機から都民を守っていくさらには経済、これは守るだけでは世界に追いつけませんリードできません、攻めこそが重要かと考えておりますそのための環境をしっかりと確保してまいる作っていきたいと考えておりますそして都民の命を守るという点では最近の自然災害は本当に想定を超えるものがありますつい先日も戦場降水帯が九州地方を添いました首都直下地震はいつ起こるかわからないそれに備えていかなければならないまたここは玉上さんと同じ点だと思いますけれども最近の国際情勢を鑑みますと日本の防衛を首都として守っていくためにはどうやっていくのかが問われていますこれまで被害想定、これは自信でありますけれどもこの10年間で約36%低減をさせましたそしてまた何よりもこの街を作り出しているのが人の力であります私はいつも3つのCを言っていますChildren First、そして高齢者は長寿であります長寿のCですそしてコミュニティ、地域のCこの3つが大変重要であるということからまずChildren First、これまでも018サポートまた授業料の実質無償化も進めてまいりました長寿、これも介護をより充実させていくそしてまたこれからも都政を都民ファーストで進めていく東京大改革3.0、よろしくお願いいたします,"[{""score"": 0.2605820894241333, ""label"": ""ang""}, {""score"": 0.25813743472099304, ""label"": ""joy""}, {""score"": 0.25420814752578735, ""label"": ""neu""}, {""score"": 0.22707228362560272, ""label"": ""sad""}]"
1351.0,1357.0,SPEAKER_05,はい、ありがとうございましたそれでは最後、石原真司さん2分でお願いいたします,"[{""score"": 0.26743844151496887, ""label"": ""ang""}, {""score"": 0.24651867151260376, ""label"": ""neu""}, {""score"": 0.2449776977300644, ""label"": ""joy""}, {""score"": 0.24106517434120178, ""label"": ""sad""}]"
1357.0,1477.0,SPEAKER_04,はい、経済を強くするための成長戦略として教育分野への投資、これに注力したいと考えていますこれから日本は人口が急減していきますので必然的に経済小国となっていきますその国を担う子どもたち、次の世代が少しでも有利となるよう教育の質、これを可能な限り急いで高めるべきとの見解ですその中でも特に考えているのが学校環境の改善ですもちろん家計の支援、子育て世帯への支援、これはあって叱るべきですただ教育を受ける側だけではどうにもなりません反対の教育を与える側、こちらのレベルがちゃんと上がらないと結果として子どもたちに質の高い教育というのは施せませんなので実際秋高田市ではこの学校環境の改善に注力してきました一つ例を挙げるならば給食支援員、学校用務員を全ての小中学校に配置します先生方から教職員の免許がなくてもできる仕事を引き離したという形ですこれをやってやっと子どもたちに向き合うようになっていますこのためにしかし秋高田市では年間2000万円かかっています3万人の街で2000万円です500倍の人口を要する東京都なら単純計算で100億円しかしこの100億は今現在学校にぶん投げられて教職員に押しつけている仕事ですこれをちゃんと適正化して、そして少しでも次世代それが豊かになるよう教育へしっかりと資源配分をしていきたいと考えています,"[{""score"": 0.2666359841823578, ""label"": ""ang""}, {""score"": 0.25946080684661865, ""label"": ""joy""}, {""score"": 0.24641242623329163, ""label"": ""neu""}, {""score"": 0.22749081254005432, ""label"": ""sad""}]"
1477.0,1513.0,SPEAKER_05,ありがとうございました続きまして2つ目のテーマですが先日公表された合計特殊出生率が東京都は0.99ポイントということで1ポイント下回り、こちら全国で最低の数値となってしまったんですねそこでですね、出生率減少の根本的な理由とその解決策について質問をさせていただきます次はですね、蓮舫さんからお願い致しますこちらも2分でお願いします,"[{""score"": 0.3187042772769928, ""label"": ""ang""}, {""score"": 0.23462620377540588, ""label"": ""neu""}, {""score"": 0.22705410420894623, ""label"": ""joy""}, {""score"": 0.2196153700351715, ""label"": ""sad""}]"
1513.0,1633.0,SPEAKER_03,ありがとうございますまず0.99というのはすごいショックな数字なんですけど私はね、だから結婚してください、だから産んでくださいという政策は取りたくないんですそれは多様性で自分で選択できるものだからその上で少子化対策の2つのアプローチ、今までのアプローチ、家計への支援、補助金これは必要だから続けたいとは思うんですけど違う考え方として若い方を支援するこのことによって手取りが増えたら結婚できるという選択子供を持てるという選択、大丈夫なんだよという選択そういう環境を作っていくことがまず1つもう1つは今子供を産んで育てている人がこんなに大変だからもう産めないと思う考えを取り除いてあげたいんですね例えば学校に通っていると今先生忙しすぎます担任がいきなり休んでしまうあるいは大好きだった先生が長期休暇に入るということもあってこれは子供が学ぶ環境として、親もやっぱ不安ですだから学力を補うために塾に行かせるというまたそこで経済支出がかかってしまうからまた高教育を取り戻す経済産業省の授業で静岡県の三島市では先生の忙しさを取り除くために1万枚のペーパーレス化をDXで実現しました学校と教育委員会と保護者の連絡全部紙だったものを全部ネットで繋いだんですアプリで申請するように1万枚ペーパーレスが削減すると先生の1年間の業務・公務改善が450時間これだけあれば子供と向き合えるんです子供は見てもらえている、守ってもらえている先生は忙しすぎない、子供と向き合える私はやっぱり経済支援も大事だけれども子供のいる場所に光を当てたいそこで困ったことがあればそこに手を差し伸べたいスクールカウンセラーが200人雇い止めをされてしまうようなことではなくその方たちの待遇改善も行いたいと思います,"[{""score"": 0.27154043316841125, ""label"": ""ang""}, {""score"": 0.2536722421646118, ""label"": ""neu""}, {""score"": 0.24073457717895508, ""label"": ""joy""}, {""score"": 0.2340528517961502, ""label"": ""sad""}]"
1633.0,1638.0,SPEAKER_05,【佐藤】ありがとうございます次は小池栄理子さん2分でお願いいたします,"[{""score"": 0.2842780649662018, ""label"": ""ang""}, {""score"": 0.24132245779037476, ""label"": ""neu""}, {""score"": 0.23788239061832428, ""label"": ""joy""}, {""score"": 0.23651711642742157, ""label"": ""sad""}]"
1638.0,1758.0,SPEAKER_02,【小池栄理子】1位を切った合計特殊出張率東京はとても特殊なところでございます女子代制も多い、そして就職のために若い女性も来られる私は合計特殊出張率の分母の部分ここをいかにして減らさないようにしていくのかということも重要だと考え女性の健康を守るという点も気をつけていきたいそのためのプレコンセプションケアそしてまた不妊治療今回無痛分辨に対しましてもこの提案をさせていただいているところでございますもちろんこの少子化問題というのは1.57ショックの1989年から延々と話しているんです少子化の理由は未婚化である万婚化である、いや経済が議論ばっかりしてここまで至ったんですね私は東京都知事としてまずチルドレンファーストということで明確に都政の政策を打ち出しそして先ほど申し上げましたように待機児童も0に近くなってまいりました97%減ですやはり環境整えてそしてそれぞれ経済がまたそれを担う男性も女性も働きながら子育てができるという他の国では当たり前のようなことをですねぜひこの東京で実現をしていくそのために努めてまいりましたそして第一子まで無傷化の対象を広げていきます保育療でございますそれから先ほど申し上げましたようにまた前に不妊治療さらには卵子凍結ということも進めておりますデフレ経済が続きました昨日より今日、今日より明日の方がいいそういう東京にしてまいってそして少子化対策もそして皆さんの希望も叶えられる東京にしたいと思います,"[{""score"": 0.263378769159317, ""label"": ""ang""}, {""score"": 0.26018425822257996, ""label"": ""joy""}, {""score"": 0.2420904040336609, ""label"": ""sad""}, {""score"": 0.23434653878211975, ""label"": ""neu""}]"
1758.0,1764.0,SPEAKER_05,はい、ありがとうございます次は石原真司さん2分でお願いいたします,"[{""score"": 0.2869529724121094, ""label"": ""ang""}, {""score"": 0.24166564643383026, ""label"": ""neu""}, {""score"": 0.23718060553073883, ""label"": ""joy""}, {""score"": 0.23420068621635437, ""label"": ""sad""}]"
1764.0,1881.0,SPEAKER_04,2分しかないのにこの話をするのは非常に気が引けるんですがまず問題の定義は間違っています合計特殊出生率皆さん、メディアの皆さんもう二度と使わないでくださいこれを自治体レベルで議論して何の意味があるんですか出生率が高いところ、田舎です低いところ都会です何が違うか結婚してない若い女性がいないと高くなるんですいると低くなるんです先ほど小池さんがおっしゃった通りこれを自治体で競ったらどうなるかこそやって支援政策やればやるほどそこにどんどん水を吸いあげて田舎の方はそこから離れられない人が残るでも魅力は高いの方にあるから若い人は抜けていく例えば東北の方、出生率高いんですが出生数自体は減っているんですなので出生率で見ると問題の本質を見合わないのでそれはまずやめた方がいいですここでいうのは本来マクロの話なんですね極めてマクロです原因については連邦さんと小池さんがおっしゃった通りまずは若年層の雇用所得環境を改善させていくこれです一方で子育て支援これはどんだけあってもそんなに効きませんなぜならば以前田中さんがおっしゃっていたんですが結婚した夫婦から生まれる子どもの数そんなに変わっていないからですだとするならば若者の経済支援あとは男女の偏在ですこれも東京が県庁なんですが若年の女性の流入帳が男性よりもはるかに上回った状態がここ10年くらい続いていますその状態を解消、解決していかないと根本、日本の国としてこの少子化問題はどうしようもないというのを今日改めてメディアの皆さんに今自分の時間を使って説明しました覚えておいてください,"[{""score"": 0.2717350125312805, ""label"": ""ang""}, {""score"": 0.2549525797367096, ""label"": ""joy""}, {""score"": 0.24495916068553925, ""label"": ""neu""}, {""score"": 0.22835327684879303, ""label"": ""sad""}]"
1881.0,1886.0,SPEAKER_05,はい、ありがとうございますそれじゃあ田中さんお願い致します,"[{""score"": 0.279502272605896, ""label"": ""ang""}, {""score"": 0.24407875537872314, ""label"": ""joy""}, {""score"": 0.23900394141674042, ""label"": ""neu""}, {""score"": 0.23741497099399567, ""label"": ""sad""}]"
1886.0,2010.0,SPEAKER_00,出生率の減少はこれは結婚できないことが原因だと思います日本は今石原さんが言ったようにこの30年くらい一組の夫婦から生まれる子どもの数って変わっていないんですね結婚できないから子どもがどんどん減っていると結婚してもらうにはどうしたらいいかと若い人たちの所得をですね実質所得を上げないとダメだと思うんですよね東京財団の政策研究センターが発表している資料だと別に相食系男子になったから結婚しないとかね一人でいるから結婚しない人生を楽しんだほうがいいんだとかいうことではなくて結局所得が足りないから結婚できないということなんで結婚していただくことに全力を尽くしていくべきだと私は思うんですねだから若年層に実質所得が増えるように減税をしてあげたりですねそれから会社がですね昔私が若い頃はアパート台なんか半分くらい負担してたんですよね今はもうほんのちょっとしか負担してないこれも会社がお願いをしてちょっと負担してくださいとそしたら法人税でも少し下げましょうと有効なことでですね社会全体となってとにかく若い人たちの所得を上げてあげるのが必要だと思います一方でまた結婚した夫婦も一人じゃなくて二人にしようかなというのにするためにはですね一人生まれたら100万円あめます二人生まれたら200万です三人だったら400万ですということですね産んだら得になるようなですね効果、政策を取っていくべきではないかなというふうに思いますそうすれば子供が増えてく可能性が私は出てくるんじゃないかなと思いますだからとにかく経済的に間に合わないから結婚しないそしてその結果少子化なんだということをもっと認識した方がいいんじゃないかと思います,"[{""score"": 0.26063838601112366, ""label"": ""neu""}, {""score"": 0.2574899196624756, ""label"": ""ang""}, {""score"": 0.2501910328865051, ""label"": ""sad""}, {""score"": 0.23168063163757324, ""label"": ""joy""}]"
2010.0,2051.0,SPEAKER_05,候補者の皆さまありがとうございました最も訴えたい政策や子育ての政策ですねそれについて候補者の皆さまから直接伺うことができました視聴者の方々の投票の指針になれば幸いでございますここで再び皆さまにお知らせです今回のネット討論会のアンケートのリンクをですね概要欄に表示しておりますので今後の討論会どのように行っていくかなどの参考にさせていただきたいのでぜひお願いいたしますそれではここからですね候補者同士のクロストークに入っていきますクロストークにつきましては李白高橋さん再びお願いいたします,"[{""score"": 0.2929847836494446, ""label"": ""ang""}, {""score"": 0.2523358464241028, ""label"": ""joy""}, {""score"": 0.24082037806510925, ""label"": ""neu""}, {""score"": 0.21385899186134338, ""label"": ""sad""}]"
2051.0,2095.0,SPEAKER_06,よろしくお願いいたしますここからのクロストークではテーマごとにまず各候補者の皆さまに自身のご意見を表明していただきますその後お話いただいた事論をさらに補強するかまた他の候補者への質問をいずれかを選択していただきますと質問は各テーマごとお一人1回以上は発言の機会を設けさせていただきますがさらとりとかあったらいろいろしていただければと思います1つ目のテーマはこの4年間の東京都政の振り返り良いところも悪いところも含めてですね皆さまに振り返っていただければと思いますお一人原則1分でお願いできればと思います基本1分ですが調価した分はですね最後に用意しているちょっとフリートークから社交調整させていただければと思いますでは最初は原則であられる小池由里子さんお願いいたします,"[{""score"": 0.28655901551246643, ""label"": ""ang""}, {""score"": 0.24763892590999603, ""label"": ""joy""}, {""score"": 0.241958349943161, ""label"": ""neu""}, {""score"": 0.2238437980413437, ""label"": ""sad""}]"
2097.0,2156.0,SPEAKER_02,28年東京都知事を務めてまいりましたこの間146人渡ります政策目標そのうちの約90%正確には90.3%なんですけれどもこれを実現してまいりましたこれによって例えばですね育児9行私は育業と呼んでおりますけれどもこの比率もですねもう大きく伸びてまいりましたそしてまた先ほども申し上げましたように体進化不念化これも進めてまいっております待機児童数が97%減少ということも申し上げてチルドレンファーストを進めてまいりましたこれからも都民の命を守り暮らしを守るとそのための最大の努力を重ねそしてまた単に延長ではなくバージョンアップを続けてまいりたいとこのように考えております,"[{""score"": 0.27735209465026855, ""label"": ""ang""}, {""score"": 0.2628520727157593, ""label"": ""neu""}, {""score"": 0.23301191627979279, ""label"": ""sad""}, {""score"": 0.226783886551857, ""label"": ""joy""}]"
2156.0,2159.0,SPEAKER_06,ありがとうございます続いて石丸信二さんよろしくお願いします,"[{""score"": 0.28730782866477966, ""label"": ""ang""}, {""score"": 0.24275782704353333, ""label"": ""neu""}, {""score"": 0.24027296900749207, ""label"": ""joy""}, {""score"": 0.22966130077838898, ""label"": ""sad""}]"
2161.0,2191.0,SPEAKER_04,一言で言うと止まってたのかなという評価です一生懸命走っているように見えてそれ足同じ位置から動いてないですよね足踏みの状態だったそのような印象を受けています例えば大覚悟と言われるんですが改革ってのは現状を否定して行っていくものですよね1期目から2期目に入られて2期目に入って改革ってことは1期目否定していた?,"[{""score"": 0.27182021737098694, ""label"": ""joy""}, {""score"": 0.2670329809188843, ""label"": ""neu""}, {""score"": 0.24553793668746948, ""label"": ""ang""}, {""score"": 0.21560890972614288, ""label"": ""sad""}]"
2191.0,2221.0,SPEAKER_04,否定できていたのかそこがまず一つ疑問符ですしそこからさらに3期目となると今度は1期目と2期目をさらに否定するのかできるのかです最後の3期目ここで今までをどう振り返るのかそこは東京都民だけでなく首都なので全国民に対してかなり大きな説明責任があるんじゃないかなという感想です,"[{""score"": 0.26671215891838074, ""label"": ""joy""}, {""score"": 0.2664658725261688, ""label"": ""ang""}, {""score"": 0.24216394126415253, ""label"": ""neu""}, {""score"": 0.2246580719947815, ""label"": ""sad""}]"
2221.0,2225.0,SPEAKER_06,ありがとうございます推定田間上さんよろしくお願いします,"[{""score"": 0.29370173811912537, ""label"": ""ang""}, {""score"": 0.24576939642429352, ""label"": ""neu""}, {""score"": 0.23875978589057922, ""label"": ""sad""}, {""score"": 0.22176899015903473, ""label"": ""joy""}]"
2225.0,2269.0,SPEAKER_00,私は都政の目標は安全で豊かな暮らしを実現することだと思っていますそういう意味ではですねここ4年間で東京が安全になったかというと事件は増えるしですね日本人が近づけないような街というかブラックというかそういったところがなかなか治らないし安全という意味でですね進歩していないんでは進んでいないんじゃないかなと思います所得はどうだというとこれもですね実質所得が減っているということは言われているわけですねしかし安全も所得も伸びてないこの状態って政治が成功しているのかというと私は都政が成功していないんではないかというふうに思います,"[{""score"": 0.2912602424621582, ""label"": ""ang""}, {""score"": 0.2389250099658966, ""label"": ""sad""}, {""score"": 0.23570607602596283, ""label"": ""joy""}, {""score"": 0.2341088056564331, ""label"": ""neu""}]"
2269.0,2272.0,SPEAKER_06,ありがとうございますでは蓮舫さんよろしくお願いします,"[{""score"": 0.2825833559036255, ""label"": ""ang""}, {""score"": 0.24016663432121277, ""label"": ""sad""}, {""score"": 0.24012693762779236, ""label"": ""neu""}, {""score"": 0.23712308704853058, ""label"": ""joy""}]"
2272.0,2334.0,SPEAKER_03,現職が行ってくれた子育て政策と評価できるものもいっぱいありますそれは継続して発展をさせていきます2つあります格差が広がりすぎました特に若い人たちの格差から抜け出せられない声東京都の職員の非正規3.2万人の方たちの専門性の高い方たちから待遇を改善していくこういうことをやっていきたいもう一つは開発のあり方です明治神宮外宴100年育ち守られてきた木木を伐採していいのかという行為にやっぱり敏感な都知事であってほしかったと思います日比谷公園もそうです加済臨海都市公園もそうです本当に木木を切っていいんだろうかあるいは春見フラッグ都民の財産の高融値がオリンピックの選手村から安く売られて気がついたら投資目的で展売されて最初の価格の2倍近くで売られている私はやっぱりこういう都の財産とか再開発のあり方は議義があります,"[{""score"": 0.26377809047698975, ""label"": ""ang""}, {""score"": 0.2559264004230499, ""label"": ""neu""}, {""score"": 0.24734556674957275, ""label"": ""joy""}, {""score"": 0.23294982314109802, ""label"": ""sad""}]"
2334.0,2345.0,SPEAKER_06,ありがとうございましたそれでは今お話いただいた内容につきまして他の方へ質問のある方は挙手をお願いしたいと思います30秒です蓮舫さん,"[{""score"": 0.2735798954963684, ""label"": ""ang""}, {""score"": 0.25378042459487915, ""label"": ""neu""}, {""score"": 0.23954227566719055, ""label"": ""joy""}, {""score"": 0.2330973595380783, ""label"": ""sad""}]"
2345.0,2361.0,SPEAKER_03,前回討論会をさせていただいたときに小池さんは神宮内宴は厳選令神宮外宴は神皇林とはっきり言いましたその認識は今も一緒ですか,"[{""score"": 0.26430439949035645, ""label"": ""neu""}, {""score"": 0.25356951355934143, ""label"": ""joy""}, {""score"": 0.2530961036682129, ""label"": ""ang""}, {""score"": 0.22903001308441162, ""label"": ""sad""}]"
2361.0,2364.0,SPEAKER_06,それでは小池さん回答1分でお願いします,"[{""score"": 0.2955462336540222, ""label"": ""ang""}, {""score"": 0.2485729306936264, ""label"": ""neu""}, {""score"": 0.23706571757793427, ""label"": ""sad""}, {""score"": 0.2188151627779007, ""label"": ""joy""}]"
2364.0,2427.0,SPEAKER_02,神宮内宴が全国から建築をされた約10万本の植栽をされたそのような内宴になっております当然承知をいたしております内宴の森は人が踏み入れることのなく天然行進をされるという点でポイントがありますまた外宴の緑につきましては人の手で適切な維持管理をしているということで内宴と外宴の違いが出てくるわけでございますまた例えばNHKのスペシャルで書くはあったんですけれども人工的に作られた太鼓の原生林というような表現も使っておりまして神宮内宴の特性分かりやすく伝えられるそのような表現ではないかとこのように考えております内宴は外宴によって守られてきてそしてその内宴はまさに人の手が入らない形で守られてきたこの違いを理解していただきたいと思います,"[{""score"": 0.26762351393699646, ""label"": ""joy""}, {""score"": 0.25724491477012634, ""label"": ""neu""}, {""score"": 0.2540242671966553, ""label"": ""ang""}, {""score"": 0.2211073637008667, ""label"": ""sad""}]"
2427.0,2430.0,SPEAKER_06,蓮舫さん今の質問の意図も含め,"[{""score"": 0.2573642432689667, ""label"": ""ang""}, {""score"": 0.25328055024147034, ""label"": ""joy""}, {""score"": 0.2517612874507904, ""label"": ""neu""}, {""score"": 0.23759393393993378, ""label"": ""sad""}]"
2430.0,2452.0,SPEAKER_03,認識を改めてくださってよかったです前回言われた内宴が原生林というのは完全なる嘘ですからそういうことを開発を規制を緩和する都知事が言うべきではないと思ってたのを正してくれてありがたかったんですがもうちょっと聞きたかったのまさかその外宴の再開発の事業者から都知事はパーティーのチケットの購入とか受けてませんよね,"[{""score"": 0.27131614089012146, ""label"": ""ang""}, {""score"": 0.2517158091068268, ""label"": ""sad""}, {""score"": 0.2502729594707489, ""label"": ""neu""}, {""score"": 0.22669512033462524, ""label"": ""joy""}]"
2452.0,2455.0,SPEAKER_06,じゃあ回答を1分以内に小池さん,"[{""score"": 0.2886381447315216, ""label"": ""ang""}, {""score"": 0.2560602128505707, ""label"": ""neu""}, {""score"": 0.23174263536930084, ""label"": ""joy""}, {""score"": 0.22355909645557404, ""label"": ""sad""}]"
2455.0,2470.0,SPEAKER_02,パーティーの開催につきましてはそれぞれ法律に則った形で公表をさせていただいているところでございますそのような形で公開もさせていただいているところでございます,"[{""score"": 0.28592172265052795, ""label"": ""joy""}, {""score"": 0.24544090032577515, ""label"": ""ang""}, {""score"": 0.24303485453128815, ""label"": ""neu""}, {""score"": 0.22560247778892517, ""label"": ""sad""}]"
2471.0,2476.0,SPEAKER_06,では他に質問がある方いましたら挙手の方お願いします石原さんお願いします,"[{""score"": 0.2922825813293457, ""label"": ""ang""}, {""score"": 0.2601267099380493, ""label"": ""neu""}, {""score"": 0.234855517745018, ""label"": ""joy""}, {""score"": 0.2127351611852646, ""label"": ""sad""}]"
2476.0,2484.0,SPEAKER_04,今の蓮舫さんの質問はイエスかノーカで答えられるのでイエスかノーカで答えていただきたいとおそらく視聴者全員思ったと思いますもう一度お願いします,"[{""score"": 0.2652709186077118, ""label"": ""joy""}, {""score"": 0.2597852945327759, ""label"": ""ang""}, {""score"": 0.24869853258132935, ""label"": ""neu""}, {""score"": 0.22624526917934418, ""label"": ""sad""}]"
2484.0,2487.0,SPEAKER_06,小池さん可能であればですけれども,"[{""score"": 0.29986506700515747, ""label"": ""neu""}, {""score"": 0.2706802189350128, ""label"": ""ang""}, {""score"": 0.2259638011455536, ""label"": ""joy""}, {""score"": 0.2034909725189209, ""label"": ""sad""}]"
2488.0,2507.0,SPEAKER_02,はい、私はこれまで政治のパーティーという形で開かせていただいておりますその中には様々な方々からご意見を伺うと同時にご協力もいただいているそしてそれは法的にのっとって進めているということでございます,"[{""score"": 0.27742820978164673, ""label"": ""ang""}, {""score"": 0.26366308331489563, ""label"": ""joy""}, {""score"": 0.23510202765464783, ""label"": ""neu""}, {""score"": 0.22380660474300385, ""label"": ""sad""}]"
2508.0,2514.0,SPEAKER_06,ちょっとごめんなさい、どっちかというと僕もちょっとよくわからないですけどそれはイエスってことですか,"[{""score"": 0.28334498405456543, ""label"": ""neu""}, {""score"": 0.26449060440063477, ""label"": ""joy""}, {""score"": 0.2471693605184555, ""label"": ""ang""}, {""score"": 0.2049950361251831, ""label"": ""sad""}]"
2515.0,2518.0,SPEAKER_02,様々な方にご協力いただいております,"[{""score"": 0.2910034954547882, ""label"": ""ang""}, {""score"": 0.2519858181476593, ""label"": ""joy""}, {""score"": 0.2300771176815033, ""label"": ""neu""}, {""score"": 0.2269335687160492, ""label"": ""sad""}]"
2518.0,2528.0,SPEAKER_06,わかりましたじゃあ続いて質問がある方、挙手をイエスか田本隆さん、あれですかじゃあ次、次行くかもしれません蓮舫さん,"[{""score"": 0.2676006555557251, ""label"": ""ang""}, {""score"": 0.26518067717552185, ""label"": ""neu""}, {""score"": 0.2500607669353485, ""label"": ""joy""}, {""score"": 0.21715791523456573, ""label"": ""sad""}]"
2528.0,2561.0,SPEAKER_03,今東京で飼われている犬や猫は160万頭と言われて私自身も保護犬あるいはそうした保護猫の活動の支援もしているんですが小池さんにお伺いしますなぜ東京都だけ独自に先天性の障害がある子、病気がある子生育環境が悪くてなかなか佐藤やさんに懐かないような動物は殺処分をしても殺処分のされたというカウントから外すんですかこれは実質ゼロになっているけれどもそういう子たちの数を入れたら違うと思います,"[{""score"": 0.27510082721710205, ""label"": ""ang""}, {""score"": 0.2660153806209564, ""label"": ""neu""}, {""score"": 0.22975504398345947, ""label"": ""sad""}, {""score"": 0.22912882268428802, ""label"": ""joy""}]"
2562.0,2588.0,SPEAKER_02,これまでも東京のルールにのっとりまして猫ちゃんの命を守ってまいりましたそしてまた殺処分を避けるという意味で上都会などもNPOの方々によって支えられてきておりますこれからも動物愛護の観点につきましてはしっかりと進めていくこのような想像でございます,"[{""score"": 0.2574382424354553, ""label"": ""sad""}, {""score"": 0.2531651258468628, ""label"": ""ang""}, {""score"": 0.24570061266422272, ""label"": ""joy""}, {""score"": 0.2436959445476532, ""label"": ""neu""}]"
2589.0,2599.0,SPEAKER_06,じゃあ田麓子さんの行く前に蓮舫さん行っちゃって大丈夫ですか手がかかっていたので次行きますからねどうですか何ですか蓮舫さん,"[{""score"": 0.27325356006622314, ""label"": ""ang""}, {""score"": 0.25457778573036194, ""label"": ""neu""}, {""score"": 0.2535600960254669, ""label"": ""joy""}, {""score"": 0.2186085283756256, ""label"": ""sad""}]"
2599.0,2617.0,SPEAKER_03,ごめんなさい小池さん答えていただきたいんですなぜ東京都だけ独自の基準を設けるんでしょうかもしよろしければダブルスタンダードはなくて国基準に合わせて実態をちゃんと見て制作を打っていかないとやっぱり効果は最大限出ないと思うんですねこれはお願いしたいことです,"[{""score"": 0.26744067668914795, ""label"": ""ang""}, {""score"": 0.2564009428024292, ""label"": ""sad""}, {""score"": 0.25066715478897095, ""label"": ""neu""}, {""score"": 0.2254912406206131, ""label"": ""joy""}]"
2618.0,2625.0,SPEAKER_02,はい実態を見ているからこそ今東京ルールで進めさせていただいております,"[{""score"": 0.2836289703845978, ""label"": ""neu""}, {""score"": 0.27508285641670227, ""label"": ""joy""}, {""score"": 0.2245575487613678, ""label"": ""ang""}, {""score"": 0.21673059463500977, ""label"": ""sad""}]"
2626.0,2629.0,SPEAKER_06,じゃあちょっと一回小池さんから逆に何かございますか,"[{""score"": 0.26493239402770996, ""label"": ""ang""}, {""score"": 0.24972134828567505, ""label"": ""joy""}, {""score"": 0.2496911883354187, ""label"": ""sad""}, {""score"": 0.23565512895584106, ""label"": ""neu""}]"
2631.0,2643.0,SPEAKER_02,特にございませんはいありがとうございますむしろ皆さんのご意見を伺ってそしてそれを参考にさせていただきたいと思いますありがとうございますでは石丸さん,"[{""score"": 0.2929301857948303, ""label"": ""ang""}, {""score"": 0.24821189045906067, ""label"": ""neu""}, {""score"": 0.23237602412700653, ""label"": ""sad""}, {""score"": 0.22648191452026367, ""label"": ""joy""}]"
2644.0,2667.0,SPEAKER_04,4年というとちょっとどうかなというのがあるんですけど続いているので小池さんは知事として知事になる時かな築地は守る豊洲は活かすというお話があったかと思うんですがこの4年間で築地に対してどのような思いを馳せていらっしゃったのか循然たる興味で伺ってみます,"[{""score"": 0.2807730734348297, ""label"": ""neu""}, {""score"": 0.24510979652404785, ""label"": ""ang""}, {""score"": 0.24002988636493683, ""label"": ""joy""}, {""score"": 0.2340872585773468, ""label"": ""sad""}]"
2669.0,2728.0,SPEAKER_02,ありがとうございます先ほど石丸さんが過去を否定するからこそ改革だということをおっしゃいました私はずっともっと良くしていくということを言っております蓮舫さんも時々使っていただいてありがとうございますお認めいただいていただいてというふうに理解をいたしましたありがとうございますもっともっと良くしていくまた東京にはそのポテンシャルがあるんですそれを活かしていくまた残念ながらコロナも大変でございましたが逆にコロナ禍において例えばデジタル化についての遅れそしてまた女性三角についてこれはコロナと関係ありませんけれども長年私議員もやってきてですねこの女性の三角の東京そして日本の遅れについてはまだまだポテンシャルもったいない力がそこにあるというふうに思っています築地については食文化必ず活かしてまいります何も変わっておりません,"[{""score"": 0.27182283997535706, ""label"": ""ang""}, {""score"": 0.2612777054309845, ""label"": ""neu""}, {""score"": 0.2530444860458374, ""label"": ""joy""}, {""score"": 0.21385498344898224, ""label"": ""sad""}]"
2728.0,2730.0,SPEAKER_06,蓮舫さん大丈夫ですか,"[{""score"": 0.2786804735660553, ""label"": ""neu""}, {""score"": 0.26687052845954895, ""label"": ""ang""}, {""score"": 0.24643781781196594, ""label"": ""joy""}, {""score"": 0.20801123976707458, ""label"": ""sad""}]"
2730.0,2736.0,SPEAKER_04,築地は活かすの方に変わったんですねということは,"[{""score"": 0.2596810758113861, ""label"": ""ang""}, {""score"": 0.2511775493621826, ""label"": ""joy""}, {""score"": 0.24938255548477173, ""label"": ""sad""}, {""score"": 0.23975880444049835, ""label"": ""neu""}]"
2736.0,2764.0,SPEAKER_02,はい、活かすことは当然のことでございますそういう言葉遊びではなく真剣に実質築地の場外市場などと連携しながらあそこ中央区などご存知ですねそこでその場外市場とともに進めていくそして今回の築地の再開発につきましても事業者の方々はその提案をしっかりと受け止めてくださるそのように考えております,"[{""score"": 0.2741805613040924, ""label"": ""ang""}, {""score"": 0.26960402727127075, ""label"": ""joy""}, {""score"": 0.22941918671131134, ""label"": ""neu""}, {""score"": 0.2267962396144867, ""label"": ""sad""}]"
2764.0,2788.0,SPEAKER_04,おそらく違うそれじゃないという感想を持ちの方が多いのかなと思うんですが築地の皆さんはそれを願っていたわけじゃないと思いますその意味で伺いました築地その後どのように向かい合いどのような思いをはせていらっしゃったのか築地の願いはご存知だったと思うんですがいかがでしょうか,"[{""score"": 0.26445358991622925, ""label"": ""neu""}, {""score"": 0.25610578060150146, ""label"": ""ang""}, {""score"": 0.25224167108535767, ""label"": ""joy""}, {""score"": 0.22719895839691162, ""label"": ""sad""}]"
2788.0,2826.0,SPEAKER_02,築地の定義がよくわかりません今中嵐の方々は豊洲で市場の中で大変活発に動いておられますその築地の方々かつて築地におられた豊洲の方々とはいつも連携を取らせていただいてご希望を伺っております非常開設者としてその趣旨またご希望についてはこの真剣に受け止めながら前へ進めているということで築地というその言葉が違うのではないかと疑問に出きました,"[{""score"": 0.2704637348651886, ""label"": ""ang""}, {""score"": 0.2611388862133026, ""label"": ""neu""}, {""score"": 0.24344408512115479, ""label"": ""joy""}, {""score"": 0.2249533236026764, ""label"": ""sad""}]"
2826.0,2834.0,SPEAKER_06,では後ほどフリートークもありますのでそこでもし足りなければいいですかじゃあ田本さん一言も言ってないから言っちゃいますか,"[{""score"": 0.2730831205844879, ""label"": ""neu""}, {""score"": 0.25544723868370056, ""label"": ""joy""}, {""score"": 0.23909002542495728, ""label"": ""ang""}, {""score"": 0.23237967491149902, ""label"": ""sad""}]"
2834.0,2842.0,SPEAKER_00,築地に私今事務所構えているんですけども実は小池知事を恨んでいる人結構多いですね築地は,"[{""score"": 0.2698442041873932, ""label"": ""ang""}, {""score"": 0.25585034489631653, ""label"": ""joy""}, {""score"": 0.2510174810886383, ""label"": ""neu""}, {""score"": 0.22328799962997437, ""label"": ""sad""}]"
2842.0,2845.0,SPEAKER_06,なんで恨んでいるんですか,"[{""score"": 0.25664958357810974, ""label"": ""joy""}, {""score"": 0.25475549697875977, ""label"": ""ang""}, {""score"": 0.24847277998924255, ""label"": ""neu""}, {""score"": 0.24012216925621033, ""label"": ""sad""}]"
2845.0,2871.0,SPEAKER_00,最初の移転の問題じゃないですかね具体的にどういうことですか1年遅れたということでいろいろ困って一番困ったのはネズミがすごく増えたらしいですよそれで構えたら事務所を私築地に構えたら小池知事の悪口を言う人が多いんですすごくというのがちょっと感じています小池さんどうですか,"[{""score"": 0.26534584164619446, ""label"": ""neu""}, {""score"": 0.26192355155944824, ""label"": ""joy""}, {""score"": 0.246993750333786, ""label"": ""ang""}, {""score"": 0.22573693096637726, ""label"": ""sad""}]"
2871.0,2877.0,SPEAKER_02,ちょっとお友達選んだ方がいいと思いますけれども,"[{""score"": 0.26746195554733276, ""label"": ""ang""}, {""score"": 0.2594512403011322, ""label"": ""joy""}, {""score"": 0.2502727210521698, ""label"": ""neu""}, {""score"": 0.22281412780284882, ""label"": ""sad""}]"
2877.0,2900.0,SPEAKER_06,じゃあそれ小池さんの回答ということでそれでは足りなかったら後ほどフリートークで行きたいと思います2つ目のテーマに行きます先ほど振り返りましたので2つ目は東京の未来像となりますこれまでお話しいただいた政策をもとに東京をどのような都市にしていくのかなるべく具体的におっしゃっていただければと思いますまずお一人1分で石丸さんから行きたいと思います,"[{""score"": 0.283134400844574, ""label"": ""ang""}, {""score"": 0.24958544969558716, ""label"": ""neu""}, {""score"": 0.23948588967323303, ""label"": ""joy""}, {""score"": 0.22779425978660583, ""label"": ""sad""}]"
2900.0,2959.0,SPEAKER_04,具体のレベルがちょっと捉えにくいんですがまず思うのが世界に誇れる国その首都であり続けるという点ですその意味ではとにもかくにも経済都市としての足場を固めるこれが今由来できているというふうに感じましたこれが日本にとって大事なぜかといえば首都は日本のリーダーだからです46道府県彼らを引っ張っていくのは東京しかいないわけなんですその意味で東京はこれからも強くあり続けそして他の自治体を引っ張り続けないといけないというふうに思っていますもうちょっとだけ具体的に言うとそのために目指しているのが一極集中ではなく多極分散ですねそれを愛に人や金をばらまくという話ではなくて協調と協働によって実現できる循環的な持続可能的な形だと考えています,"[{""score"": 0.27533698081970215, ""label"": ""ang""}, {""score"": 0.25625842809677124, ""label"": ""joy""}, {""score"": 0.24518096446990967, ""label"": ""neu""}, {""score"": 0.22322362661361694, ""label"": ""sad""}]"
2959.0,2962.0,SPEAKER_06,はいありがとうございます続いて田本上さんよろしくお願いします,"[{""score"": 0.27225083112716675, ""label"": ""ang""}, {""score"": 0.2604874074459076, ""label"": ""neu""}, {""score"": 0.247752845287323, ""label"": ""joy""}, {""score"": 0.21950890123844147, ""label"": ""sad""}]"
2962.0,3020.0,SPEAKER_00,私最初から繰り返しているようにですねやっぱり安全で豊かな街東京をつくることが一番の都政の目標だと思いますので安全それは治安がいいそれから災害が起きた時に命を失う可能性が低いとかいうことでですね災害からの安全それから犯罪からの安全これが実現されてあと皆さんが所得が増えて豊かに暮らせるという街でなければいけないと思うんですねだからこの所得をとにかく増えるような施策をとっていかなければいけないのではないかと結局所得が低いということは活動の自由が非常に制限されるわけですねだから安全で持って行動の自由を確保してまた経済で持って行動の自由を確保する人間は自由であることが一番の幸せなわけですからこれを実現するのが安全と経済的な豊かさだというふうに思います,"[{""score"": 0.2745571732521057, ""label"": ""joy""}, {""score"": 0.24215826392173767, ""label"": ""neu""}, {""score"": 0.2418460100889206, ""label"": ""ang""}, {""score"": 0.2414386123418808, ""label"": ""sad""}]"
3020.0,3024.0,SPEAKER_06,ありがとうございます続きまして玲穂さんよろしいですか,"[{""score"": 0.2799481153488159, ""label"": ""ang""}, {""score"": 0.2583595812320709, ""label"": ""neu""}, {""score"": 0.2463301122188568, ""label"": ""joy""}, {""score"": 0.21536217629909515, ""label"": ""sad""}]"
3024.0,3081.0,SPEAKER_03,はい国でやったことを東京都でもやります東京版行政事業レビューを導入します8.5兆の一般会計の東京都のお金がどこにいくらどんな契約形態で流れて実態はどうなっているのか成果はどうなのかをシートで見える顔をします8.5兆円のうち補助金が1.7兆円今これがどこに流れているのか部局によって公開しているところと公表していないところここに凸凹があるんですねやっぱりこれをちゃんと見える化することによって豊かな都の財政でも税金がちゃんと使われているそしてそれが大胆に本当に効果のあるところに振り分けていくという作業これは本当の業格であり東京都がもっともっと豊かになっていけると思うんですそしてそこにビジネスチャンスをこの分野だったらこの事業だったら自分が手を挙げてやっていくことができるという一つの判断材料にもなりますからいろんな意味でウィンウィンになれると思っています,"[{""score"": 0.25671347975730896, ""label"": ""ang""}, {""score"": 0.2556892931461334, ""label"": ""joy""}, {""score"": 0.25433310866355896, ""label"": ""neu""}, {""score"": 0.23326417803764343, ""label"": ""sad""}]"
3081.0,3084.0,SPEAKER_06,ありがとうございますでは小池さんお願いします,"[{""score"": 0.283983051776886, ""label"": ""ang""}, {""score"": 0.276164710521698, ""label"": ""neu""}, {""score"": 0.2208491712808609, ""label"": ""sad""}, {""score"": 0.2190031111240387, ""label"": ""joy""}]"
3084.0,3147.0,SPEAKER_02,成熟と成長が両立する持続可能な都市これが東京であります人物金情報集積もしていますそのスケールメリットを生かしてそして産業を守ると同時に新しい産業を作り出すそれによって経済力をしっかりと確保していく伸ばしていくそのことが東京の魅力だとこのように思いますまたそこを磨いていかなければならないこの5月には寿司テック東京というイベントを開きましたこれはスタートアップの皆様方がアジアも含めまして400ものスタートアップが参加してくれましたそしてインベスター、アクセラレーターそういった方々がそこでスタートアップと出会う機会を作りました2年目ですけれどもたった2年目なんですけれどもアジア最大級になりましたここからグローバルに活躍するスタートアップをさらに伸ばしていきたいとこのように思っています,"[{""score"": 0.25199681520462036, ""label"": ""neu""}, {""score"": 0.25075575709342957, ""label"": ""joy""}, {""score"": 0.2500709593296051, ""label"": ""sad""}, {""score"": 0.2471764087677002, ""label"": ""ang""}]"
3147.0,3159.0,SPEAKER_06,ありがとうございますそれでは今各候補がおっしゃっていただいたことに関して質問のある方は挙手をお願いしたいと思いますがいかがでしょうかじゃあ石丸さんいきましょう,"[{""score"": 0.27033910155296326, ""label"": ""neu""}, {""score"": 0.266376256942749, ""label"": ""ang""}, {""score"": 0.2452031373977661, ""label"": ""joy""}, {""score"": 0.2180815041065216, ""label"": ""sad""}]"
3159.0,3174.0,SPEAKER_04,せっかくなので小池さんに今新しい産業というお話だったんですけれどもどのような産業をどうやって伸ばしていくのか生み出していくのか何かイメージがあればぜひご教示ください,"[{""score"": 0.2857750952243805, ""label"": ""ang""}, {""score"": 0.2588080167770386, ""label"": ""neu""}, {""score"": 0.24103355407714844, ""label"": ""joy""}, {""score"": 0.2143833488225937, ""label"": ""sad""}]"
3175.0,3240.0,SPEAKER_02,東京にはいくつかのスタートアップの拠点があります例えば渋谷ですとデジタルそしてまた日本橋ですとメディカル、創薬関係ですねいろんなところがその魅力を出してそして分野が分かれているところを東京都としてTIBこれは遊楽町に設けた拠点でありますけれども結節点としてその力をそれぞれの分野を活かしながら総合的にまとめていくそのような形で進めていますフィンテックもありますそしてまた先ほどの創薬宇宙を目指す企業もありますこれらを東京都としてサポートするまた国と連携して様々な規制の問題そしてさらには税金もかかってきますけれどもそれらを総合的に進めることが必要だと思います国力が今落ちているというランキングがマイナスになっているここはむしろこれを逆転をさせていく少年場だと思っています,"[{""score"": 0.2829301357269287, ""label"": ""ang""}, {""score"": 0.25062036514282227, ""label"": ""joy""}, {""score"": 0.2490662783384323, ""label"": ""neu""}, {""score"": 0.21738316118717194, ""label"": ""sad""}]"
3242.0,3244.0,SPEAKER_06,どうですか石原さん,"[{""score"": 0.294595330953598, ""label"": ""ang""}, {""score"": 0.25512391328811646, ""label"": ""neu""}, {""score"": 0.24230214953422546, ""label"": ""sad""}, {""score"": 0.20797863602638245, ""label"": ""joy""}]"
3244.0,3275.0,SPEAKER_04,今おっしゃったベースのライン基本の流れというのは東京一極集中に甘んじている話であって持続可能ではないというふうに考えていますかつての高度経済成長それが生産年齢人口の増加によって起きた歪みだったというところに近いと思います東京ですら2040年をピークに人口が減り始めますそうしたとき15年20年先を見せて果たして持続可能なのか非常に危機感を覚えました,"[{""score"": 0.2635859251022339, ""label"": ""neu""}, {""score"": 0.2533222734928131, ""label"": ""joy""}, {""score"": 0.24621617794036865, ""label"": ""ang""}, {""score"": 0.23687569797039032, ""label"": ""sad""}]"
3276.0,3281.0,SPEAKER_06,他にございますか田上さんどうぞ,"[{""score"": 0.2571503221988678, ""label"": ""joy""}, {""score"": 0.2551652789115906, ""label"": ""neu""}, {""score"": 0.2541137635707855, ""label"": ""sad""}, {""score"": 0.23357054591178894, ""label"": ""ang""}]"
3281.0,3312.0,SPEAKER_00,小池さんにお伺いしたいのですが東京都の財政支出ですねこれはもっと増やすべきだとお考えですかそれとも絞るとお考えですか東京都の財政支出ですがもっと予算を残すというよりはもっとどんどん使うという方向に行くべきかそれとも国みたいな方針でですねちょっと予算を絞っていくみたいな方向に行くべきかはどっち考えているんですか,"[{""score"": 0.2959883213043213, ""label"": ""joy""}, {""score"": 0.25598040223121643, ""label"": ""neu""}, {""score"": 0.2473984658718109, ""label"": ""sad""}, {""score"": 0.20063281059265137, ""label"": ""ang""}]"
3312.0,3353.0,SPEAKER_02,基本的に都民の皆様方からお納めいただいている都民の税金そしてまた法人税などによるものでございますこれを活かしていくそれは地方財政法という法律もございますこれをさらにいかにして有効なところに将来性のあるところにまた都民を命を守るために必要なところそれぞれ予算を有効に活用していきたいと考えておりますそれは先ほどから申し上げているように都民の命とそしてまた暮らしを守る新しい産業を作っていく経済を作っていくといったところに有効に活用していきたいと思っております,"[{""score"": 0.2753034830093384, ""label"": ""joy""}, {""score"": 0.24670030176639557, ""label"": ""neu""}, {""score"": 0.2440962791442871, ""label"": ""ang""}, {""score"": 0.23389989137649536, ""label"": ""sad""}]"
3353.0,3383.0,SPEAKER_00,今後一番力を入れて予算を使ってですね努力しなきゃいけないのはまさに私は少子化対策だと思うんですねこれが一番とにかく何があってもこれ頑張らないと30年後50年後日本がだんだん慣れたたなくなっていくかもしれないということですからこの少子化についてですね小池さんはこれから何か抜本的なことは何か考えておられるんでしょうか,"[{""score"": 0.2716677784919739, ""label"": ""joy""}, {""score"": 0.26814109086990356, ""label"": ""ang""}, {""score"": 0.23521479964256287, ""label"": ""neu""}, {""score"": 0.2249763011932373, ""label"": ""sad""}]"
3383.0,3448.0,SPEAKER_02,まさにチルドレンファーストの都政をこれまで進めてまいりました子どもたちの中にはそれを奏唱してユリコと言っているそうでございますやはりこのチルドレンファーストの都政ということについては若い世代の方々も大変感謝していただいているさらにもっと例えば無通文弁など提唱させていただいています一人目の時にあんなに痛い思いをしたのはもうゴリゴリだと海外見ますとこの無通文弁というのはむしろ高いんですね比率がこれらについて東京都としてサポートできる課題もございます麻薬医が少ないとかですね確保できないなど様々な課題とともに環境を整えていく先ほどから母を守るということを言ってまいりましたこれも含めて少子化対策ただこれやっぱり国策なんですよ基本的にここの部分が欠けているということは強く申し上げたいと思います,"[{""score"": 0.28083235025405884, ""label"": ""joy""}, {""score"": 0.2644931972026825, ""label"": ""ang""}, {""score"": 0.2394615262746811, ""label"": ""neu""}, {""score"": 0.21521303057670593, ""label"": ""sad""}]"
3448.0,3450.0,SPEAKER_06,蓮舫さんどうぞ,"[{""score"": 0.28572872281074524, ""label"": ""ang""}, {""score"": 0.25057151913642883, ""label"": ""neu""}, {""score"": 0.2326875925064087, ""label"": ""sad""}, {""score"": 0.23101215064525604, ""label"": ""joy""}]"
3450.0,3484.0,SPEAKER_03,小池さんおっしゃられたように地方自治法では地方自治体の公勤の管理というのは相当厳しく管理されているんですねだけどさっき言ったプロジェクションマッピングもそうなんですけど実行委員会という形式を活用するとそこの枠から外れるんですそうすると公勤がどう使われたか適正化というのは追い切れないんですねこの部分が東京都は全く行格で手をつけていないことあるいは先ほど私が指摘した補助金1.7兆の行き先が統一されていないことあるいは事業評価これ第三者評価入っていません行格もっとやるべきじゃないですか,"[{""score"": 0.2606983482837677, ""label"": ""neu""}, {""score"": 0.2603139877319336, ""label"": ""ang""}, {""score"": 0.24960219860076904, ""label"": ""joy""}, {""score"": 0.22938546538352966, ""label"": ""sad""}]"
3484.0,3486.0,SPEAKER_06,どうでしょう,"[{""score"": 0.2763192355632782, ""label"": ""ang""}, {""score"": 0.2501877248287201, ""label"": ""sad""}, {""score"": 0.2390262484550476, ""label"": ""joy""}, {""score"": 0.2344668209552765, ""label"": ""neu""}]"
3486.0,3522.0,SPEAKER_02,それについては都議会の方で審議を行ってきてまいりましたそしてまたそれぞれの毎年度の予算については立憲民主党の方々にもご賛同いただいて今年度についてはなぜか反対に回られましたいずれにしましても都民からお預かりしている税金でございますこれを有効にまた見える化して行うというのは当然のことだと思っておりますし既に70万件交金を使っているものについては既に全てホームページ上に出ておりますのでチェックをしていただきたいとこのように思います,"[{""score"": 0.2691356837749481, ""label"": ""joy""}, {""score"": 0.2669554650783539, ""label"": ""neu""}, {""score"": 0.23674379289150238, ""label"": ""ang""}, {""score"": 0.22716514766216278, ""label"": ""sad""}]"
3522.0,3523.0,SPEAKER_06,蓮舫さん,"[{""score"": 0.304570734500885, ""label"": ""ang""}, {""score"": 0.23980872333049774, ""label"": ""neu""}, {""score"": 0.2344980686903, ""label"": ""sad""}, {""score"": 0.22112247347831726, ""label"": ""joy""}]"
3523.0,3546.0,SPEAKER_03,都議会では答弁拒否の姿勢が相当目立つのでカッタスな議論が国会のように行われているとは思えていないのが非常に残念なんですが今おっしゃった70万件というのは4年に1回の1年分なんです4年に1回じゃなくてやっぱり70かける4ちゃんと毎年チェックをしていった方がいいと思いますこれは専門性の持った私からの意見です,"[{""score"": 0.2787961959838867, ""label"": ""ang""}, {""score"": 0.2666434943675995, ""label"": ""sad""}, {""score"": 0.23703767359256744, ""label"": ""neu""}, {""score"": 0.21752257645130157, ""label"": ""joy""}]"
3546.0,3549.0,SPEAKER_06,そこはどうですか小池さん持った方がいいんじゃないかという,"[{""score"": 0.2968815267086029, ""label"": ""ang""}, {""score"": 0.24214787781238556, ""label"": ""neu""}, {""score"": 0.2379051148891449, ""label"": ""sad""}, {""score"": 0.22306542098522186, ""label"": ""joy""}]"
3549.0,3607.0,SPEAKER_02,これまでも改善味あるを重ねてまいっておりますまた8100億円の財源を確保できたというのも見直しをして政策そして事業評価を重ねてきたその成果だとこのように思いますそれについてはこの1年例えば6000件あるんですけれどもこの対象といたしまして大きなところですけれどもそれを1年ごとというか一変にやってしまうよりは1年ごとに周期を設けることによって順番に確認をしてやってきているだからこそ周期というのは終わりの期という意味でございましてもらったと確保した予算はもう期得権になるわけではありませんよということをアナウンスさせていただいて1年ごとにチェックをしているということでございます,"[{""score"": 0.2570866346359253, ""label"": ""ang""}, {""score"": 0.25598907470703125, ""label"": ""neu""}, {""score"": 0.25136274099349976, ""label"": ""joy""}, {""score"": 0.2355615794658661, ""label"": ""sad""}]"
3607.0,3609.0,SPEAKER_06,蓮舫さん行ってこのブロックを締めましょう,"[{""score"": 0.26275181770324707, ""label"": ""ang""}, {""score"": 0.25918012857437134, ""label"": ""joy""}, {""score"": 0.2565430998802185, ""label"": ""neu""}, {""score"": 0.22152504324913025, ""label"": ""sad""}]"
3609.0,3619.0,SPEAKER_03,終わったときに行格ってできないんです年度途中に行格をやるから予算の効率化ができるんです私は年度途中に入れるべきだと考えています,"[{""score"": 0.26346516609191895, ""label"": ""joy""}, {""score"": 0.2586527466773987, ""label"": ""ang""}, {""score"": 0.25757932662963867, ""label"": ""neu""}, {""score"": 0.22030268609523773, ""label"": ""sad""}]"
3619.0,3649.0,SPEAKER_06,じゃあ大丈夫ですかこのブロックは続いてフリートークがありますのでこのブロックはこれで締めさせていただきたいと思いますそれでは最後に自由質問となりますとここまでの各自の主張に関わらずですね関わっていてもいいですが自由に他の候補者に来たいことがあればご質問くださいなければ私の方から質問を向けさせていただきますではまず候補者の皆様他の方に質問になる方いらっしゃいますでしょうかじゃあ石本さんから行きましょうこれは一人にしかできないみんなに聞くことはできますかできます,"[{""score"": 0.2721634805202484, ""label"": ""neu""}, {""score"": 0.26445069909095764, ""label"": ""ang""}, {""score"": 0.23645101487636566, ""label"": ""joy""}, {""score"": 0.2269347608089447, ""label"": ""sad""}]"
3651.0,3672.0,SPEAKER_04,私今41歳で10年20年30年先というのをずっとやっぱり考えるんですねそうしたとき例えば20年先この国がどうなっててそこで自分が何をしているのか何をすべきなのかそこに向けてそれぞれのお考えがもし伺えればと思いました,"[{""score"": 0.28016093373298645, ""label"": ""joy""}, {""score"": 0.2591034471988678, ""label"": ""ang""}, {""score"": 0.23552794754505157, ""label"": ""neu""}, {""score"": 0.22520773112773895, ""label"": ""sad""}]"
3672.0,3675.0,SPEAKER_06,じゃあ小池さんから聞いてみましょうか,"[{""score"": 0.2670530378818512, ""label"": ""ang""}, {""score"": 0.26102855801582336, ""label"": ""joy""}, {""score"": 0.24792233109474182, ""label"": ""neu""}, {""score"": 0.2239961177110672, ""label"": ""sad""}]"
3675.0,3735.0,SPEAKER_02,例えば人口推計というのを見ますとこれは残念ながらとても残酷に明確な将来を示してくれますだからこそ今消費化対策単に消費化だけでありません経済を伸ばしていくということが重要になってまいります10年先20年先30年先コンドラチェフの波とかいろいろと経済の変化はございますそこをむしろ先取りしてこの東京が新しい産業を作り経済を動かしていく日本には残念ながらプラットフォームということを形成する産業がまだできておりませんそういった先を見る形のまたベースになる世界を動かすような産業を育てていくそれによって雇用も確保していくことによって経済を安定化させその分野で働く人々の雇用を守っていく確保していくそれらのことを進めていきたいと考えております,"[{""score"": 0.2809046506881714, ""label"": ""ang""}, {""score"": 0.24717199802398682, ""label"": ""neu""}, {""score"": 0.24260541796684265, ""label"": ""joy""}, {""score"": 0.22931796312332153, ""label"": ""sad""}]"
3735.0,3738.0,SPEAKER_06,じゃあ田間上さんお願いします,"[{""score"": 0.2697955071926117, ""label"": ""neu""}, {""score"": 0.2646053433418274, ""label"": ""ang""}, {""score"": 0.2541465759277344, ""label"": ""joy""}, {""score"": 0.21145260334014893, ""label"": ""sad""}]"
3738.0,3800.0,SPEAKER_00,この30年ぐらい国はずっと国の予算をできるだけ増やさないという禁止財政の方向をとってきたわけですねそのことが日本経済を私は悪くしていると思うんですだからもっと国が国債を発行して公共事業とかどんどんやって東京も地方もみんな豊かにしてくれれば未来が開けてくるんですけれどもとにかく金をできるだけ使わないという方向で全部指導が行き届くと20年先は本当に暗いと思いますね私はこの30年を見たら分かると思うんですよねやがて一人当たりのGDPが世界一になろうかという日本が今も30以降になったのですなぜですかと国民がサボっていたからですから違うと思いますよやっぱり国が経済財政者が考慮を失敗したからだと私は思うんですよね禁止財政やめてもっと積極財政売って出て国民をみんな降伏にしてくださいというふうに思います国債は借金ではないんだからと,"[{""score"": 0.27005547285079956, ""label"": ""ang""}, {""score"": 0.2514263391494751, ""label"": ""neu""}, {""score"": 0.24149440228939056, ""label"": ""sad""}, {""score"": 0.2370237559080124, ""label"": ""joy""}]"
3800.0,3802.0,SPEAKER_06,蓮舫さん,"[{""score"": 0.303602397441864, ""label"": ""ang""}, {""score"": 0.25006261467933655, ""label"": ""neu""}, {""score"": 0.23188373446464539, ""label"": ""sad""}, {""score"": 0.21445120871067047, ""label"": ""joy""}]"
3802.0,3847.0,SPEAKER_03,2044年ですよね少子化はもちろんなんですけどその時の最大のリスクはご高齢者がどうなっているかやっぱり元気のご高齢者をどうやって増やしていくのかそして自分では頑張れないご高齢者をどうやって支えていくのか福祉の枠で今までずっとやってきたけれどもやっぱりこの介護の現場や元気な方たちをいろいろ支える新しい仕事DXの部分できっちりと支援することができるそこで働く若い人たちが福祉じゃなくてちゃんと給料をもらえるそのことによってビジネスでチャレンジできるシニアの人たちを支えることができるというやりがいが持てるそういう私はアプローチを今すぐとるべきだと思っています,"[{""score"": 0.26141926646232605, ""label"": ""ang""}, {""score"": 0.25682055950164795, ""label"": ""neu""}, {""score"": 0.24731223285198212, ""label"": ""joy""}, {""score"": 0.2344479113817215, ""label"": ""sad""}]"
3847.0,3852.0,SPEAKER_06,石丸さんもご自分で答えたんですけど石丸さんこの質問の趣旨と自分の考えを,"[{""score"": 0.29571810364723206, ""label"": ""ang""}, {""score"": 0.2547093331813812, ""label"": ""neu""}, {""score"": 0.22615961730480194, ""label"": ""sad""}, {""score"": 0.22341299057006836, ""label"": ""joy""}]"
3853.0,3905.0,SPEAKER_04,できればもう一回ずつ聞いてみたかったんですがじゃあまず私から最初の方でお話ししたんですが経済小国となっていくでもその中でも経済強国これを目指していくしかないと思っていますこれから少子化でどんどん先が細っていく彼らにはイヤゴーにも少数性であることが求められる例えばですけども人口規模はだいぶ違いますがシンガポールのような教育にとことん資源を配分しそういうことを資源という観点ではかなり不利な国です水すらも輸入するようなそれでも世界経済国際情勢の中においては名誉ある地位を占めていると思います日本はそういう形を何かしら考えていかないと何もなくなってしまう全て失うその心配を今しています,"[{""score"": 0.2608736753463745, ""label"": ""joy""}, {""score"": 0.260098397731781, ""label"": ""ang""}, {""score"": 0.24600960314273834, ""label"": ""neu""}, {""score"": 0.23301835358142853, ""label"": ""sad""}]"
3905.0,3913.0,SPEAKER_06,ありがとうございますでは他に質問がある方いらっしゃればと思いますがじゃあ石丸さん続けてになりますかどうぞ,"[{""score"": 0.271079421043396, ""label"": ""ang""}, {""score"": 0.2604101598262787, ""label"": ""joy""}, {""score"": 0.25759658217430115, ""label"": ""neu""}, {""score"": 0.21091380715370178, ""label"": ""sad""}]"
3913.0,3927.0,SPEAKER_04,それぞれにできれば一言ずついただければ小池さんにまずコンドラチェフというのはかなり大きな景気変動の話です人口動態というのは構造的な問題だと思うんですがどのように整理されていらっしゃるんでしょうか,"[{""score"": 0.2786048948764801, ""label"": ""ang""}, {""score"": 0.2556855082511902, ""label"": ""neu""}, {""score"": 0.2404402196407318, ""label"": ""joy""}, {""score"": 0.22526933252811432, ""label"": ""sad""}]"
3927.0,3990.0,SPEAKER_02,まず景気の変動太陽の黒点がどうというようなことをおっしゃる方もこれまで今ご存知ないご存知ないですか私はいつも国力の計算法定式ということを頭に入れていますそれは人口足す経済力足す国防力それに戦略と意思をかけるんですね先ほどおっしゃいましたシンガポール人口はそう大したことありません資源も持っていない水との戦争をやってきましたでも今逆に水をですね川上から川島までシンガポールは担おうとしてそこで使われている技術は実は日本製だったりするやはりこの戦略の部分をもっと明確にしていかなければならない私はこの点国家としてなすべきことそしてまた地方自治体としてできることそれを最大限活かして連携をしながら進めていきたいと考えています,"[{""score"": 0.2677118480205536, ""label"": ""joy""}, {""score"": 0.2566761374473572, ""label"": ""ang""}, {""score"": 0.2408655285835266, ""label"": ""neu""}, {""score"": 0.23474645614624023, ""label"": ""sad""}]"
3990.0,3992.0,SPEAKER_06,石丸さん何か今ありますか,"[{""score"": 0.27854081988334656, ""label"": ""joy""}, {""score"": 0.2686541974544525, ""label"": ""ang""}, {""score"": 0.24996182322502136, ""label"": ""neu""}, {""score"": 0.2028430700302124, ""label"": ""sad""}]"
3992.0,4027.0,SPEAKER_04,続けていいですか皆さんぜひ整理して書いてあげてください経済というのは循環と構造この2つに大別できます今混在されてましたのでここぜひ整理をして国民に教えてあげてください続いてもしよければ友上さんにお聞きしたいんですが前の記者会見でも積極財政拡張財政というふうにおっしゃったかと思うんですがそれを自治体レベルで実現しようというのはどうしたらいいんでしょうか例えば交差をどんどん積み上げるのか財町を取り崩してそれはなしでいくのかどのようなイメージでしょうか,"[{""score"": 0.27306362986564636, ""label"": ""neu""}, {""score"": 0.24964575469493866, ""label"": ""joy""}, {""score"": 0.24913574755191803, ""label"": ""ang""}, {""score"": 0.22815479338169098, ""label"": ""sad""}]"
4027.0,4089.0,SPEAKER_00,私は政府がもっと金を出せば国民がものを作る能力もまだ余ってますねそれから国民がサービスを提供する能力も余っているんですね仕事ができるのにお金がないから仕事が生まれないんですね政府はもっとお金を出して国民に仕事を与えればいいんですそれが積極財政でそれが世界の景気を良くするわけですよねだけど絞るから金を出さないからもっと作れて言われば100個でも作れるのに10個でいいと言われるから結局景気が良くなりませんよね今日本はまさにその状態を30年続けてきてそういった禁止財政を主張してきた人たちが今も同じことをやろうとしているわけですねそれを主張してきた人はもう結果として政治的に失敗しているんだからもう引退してくださいということを私は言いたいですね結果が出ないことをやったってそんな意味ないですよ全くシャランポランでいいからいい結果出してくださいと言いたいです私は,"[{""score"": 0.26358965039253235, ""label"": ""ang""}, {""score"": 0.2591557502746582, ""label"": ""joy""}, {""score"": 0.24517011642456055, ""label"": ""neu""}, {""score"": 0.23208454251289368, ""label"": ""sad""}]"
4091.0,4095.0,SPEAKER_06,他に質問ございませんか小池さんせっかくですね,"[{""score"": 0.26755011081695557, ""label"": ""ang""}, {""score"": 0.25547999143600464, ""label"": ""neu""}, {""score"": 0.24853548407554626, ""label"": ""joy""}, {""score"": 0.22843433916568756, ""label"": ""sad""}]"
4097.0,4118.0,SPEAKER_02,田間上さんとは国防という点で共同してやってまいりましたいろいろサポートしていただいたことを感謝申し上げたいと思います東京には国境離島があります南鳥、沖鳥、そしてまた小笠原この地域を守っていくために東京都として何ができるとお考えでしょうか,"[{""score"": 0.2652127146720886, ""label"": ""neu""}, {""score"": 0.24860483407974243, ""label"": ""ang""}, {""score"": 0.2470584213733673, ""label"": ""joy""}, {""score"": 0.23912401497364044, ""label"": ""sad""}]"
4119.0,4152.0,SPEAKER_00,東京都としてそれぞれの地域にですね公共の何か施設とかあるいは機関とかそういうものを離島にはできるだけ配置するようにすればいいんじゃないかなと私は思いますそうすれば公共の機関ができれば当然それを守るという体制も取らなきゃいけなくなるわけですよねだからただ住民が住んでるというだけではなくて何かといったく公共の機関を設けるということが守るために一番大事なんじゃないかなと私は思います,"[{""score"": 0.2755109965801239, ""label"": ""joy""}, {""score"": 0.26006585359573364, ""label"": ""neu""}, {""score"": 0.24271002411842346, ""label"": ""ang""}, {""score"": 0.2217131406068802, ""label"": ""sad""}]"
4154.0,4158.0,SPEAKER_06,では石丸さんが言っていたのか石丸さんにいっちゃいますか,"[{""score"": 0.3113344609737396, ""label"": ""ang""}, {""score"": 0.24582388997077942, ""label"": ""sad""}, {""score"": 0.23640242218971252, ""label"": ""neu""}, {""score"": 0.2064393013715744, ""label"": ""joy""}]"
4158.0,4190.0,SPEAKER_04,お三方に聞いてみたかったので蓮舫さんの先ほどのお話の中で高齢者の問題があったかと思います私もぜひ教えていただければと思うんですよお詳しい分野だと思うので10年前に最初に消滅可能性都市という話が出た際その後に東京が高齢者問題を抱えるのが分かっているのでその地方にシフトさせるのはどうだという案が出ていたんですが結果その後そうはなっていないんですけれどもそのアイディアもしくはその方針について何かお考えあればぜひご教示ください,"[{""score"": 0.26244983077049255, ""label"": ""ang""}, {""score"": 0.2595684826374054, ""label"": ""neu""}, {""score"": 0.24339914321899414, ""label"": ""sad""}, {""score"": 0.23458263278007507, ""label"": ""joy""}]"
4190.0,4256.0,SPEAKER_03,ありがとうございます住民の移住というのはなかなか強制的にはできないことでそれはもうご本人の選択ですからテーブルの上で絵を描いたらそういう何ていうのかしら近未来の姿は描けるんでしょうけれどもきっと非現実的だと思ってましたむしろ逆で地方で仕事のない10代後半から30代まで生物学的に産むと判断したら産める年齢の女性がむしろ東京に引き寄せられてそれでも介護従事者が足りないというミスマッチングになっているんですねだからこの10年間をもう1回紐解いてみてどういう形でこの問題を解決することができるのかそこには国との連携が欠かせないんですどうしても介護制度というのは国が法律改正しますから特に今回訪問介護の方針を下げましたこれは極めて深刻だと思っています1人でコロナの時もそうでしたが家でSOSを出せない方を増やしてしまうことは絶対やってはいけないと思いますので東京と独自の取り組みができるのかは私はこれ考えたいと思っていますありがとうございます,"[{""score"": 0.25901129841804504, ""label"": ""ang""}, {""score"": 0.25714048743247986, ""label"": ""sad""}, {""score"": 0.25622138381004333, ""label"": ""neu""}, {""score"": 0.22762681543827057, ""label"": ""joy""}]"
4256.0,4298.0,SPEAKER_06,ではこの辺りでこのコーナーを締めたいと思いますが最後に1点だけ私から皆さまに質問させていただきます30秒ぐらいでお答えいただければと思うんですけれども今日ここまで議論してきて少子化の話とかいろいろ伺ったんですけれども一生活者目線として1個だけ聞きたいのですがやっぱり東京連邦さんの話もありましたけれども家庄分所得低いと思います高い、暮らすのに高い、楽しいですよ住んでておいしいものいっぱいある玉川さんも言ってました小池さんも言ってました、清潔本当に暮らしやすいんですけれど、ただ高いこれは年々高くなっていっています賃金がそこの上昇に追いついていませんこの状況をどう変えるのかぜひ皆さんにバシッとお答えいただきたいと思いますじゃあ連邦さん、玉川さん、石丸さん、小池さんの順でお願いします,"[{""score"": 0.2947578430175781, ""label"": ""ang""}, {""score"": 0.25072452425956726, ""label"": ""neu""}, {""score"": 0.23090505599975586, ""label"": ""sad""}, {""score"": 0.22361260652542114, ""label"": ""joy""}]"
4298.0,4329.0,SPEAKER_03,賃金は日本では1997年がピークでそこからずっと下がり続けています安倍のミクスの影響でそういう部分では物価も上がり続けている有年に頼っていますからエネルギーとか食料をだからこの部分で豊かになれない人たち特に若者にターゲットあるいは公的に見合いがあるから介護とか保育とか教育医療で働いている方たちから底上げするために公契約条例これ私は効くと思っていますここを強く実現していきたい,"[{""score"": 0.2647351920604706, ""label"": ""ang""}, {""score"": 0.2610061764717102, ""label"": ""neu""}, {""score"": 0.2464989572763443, ""label"": ""joy""}, {""score"": 0.2277597188949585, ""label"": ""sad""}]"
4329.0,4331.0,SPEAKER_06,ありがとうございます。玉川さん、いかがでしょう,"[{""score"": 0.27708277106285095, ""label"": ""neu""}, {""score"": 0.2663550078868866, ""label"": ""ang""}, {""score"": 0.23686590790748596, ""label"": ""joy""}, {""score"": 0.21969632804393768, ""label"": ""sad""}]"
4332.0,4392.0,SPEAKER_00,物価が東京って高くなっちゃうというのはやっぱり人が集まるからみんな物を欲しがるから高くなると思うんですよねだからそれを上回る賃金を上げてあげないと生活は豊かにならないということでやはりこれは国に本当にやってもらえないのが積極財政しかないと思うんですねこの株主資本主義というのも行き渡って今の会社の使命は株主時間ないのかな株主配当を最大にすることだということになっているから従業員の給料は経費として抑えられるわけですよねこの考えもちょっと行き過ぎているんじゃないかなと私は思うんですだからそれをもうちょっと従業員とかに還元されるようなこの20年で日本の上場企業の株主配当の損害が10倍を超えているわけですよね伸びない中で株主配当が増えるんだから従業員の賃金は増えるわけないですよ,"[{""score"": 0.27054592967033386, ""label"": ""joy""}, {""score"": 0.2550307810306549, ""label"": ""neu""}, {""score"": 0.23984745144844055, ""label"": ""sad""}, {""score"": 0.23457588255405426, ""label"": ""ang""}]"
4392.0,4395.0,SPEAKER_06,知事しました石丸さんもよろしくお願いします,"[{""score"": 0.3260940909385681, ""label"": ""ang""}, {""score"": 0.25294724106788635, ""label"": ""neu""}, {""score"": 0.21861284971237183, ""label"": ""sad""}, {""score"": 0.2023458182811737, ""label"": ""joy""}]"
4395.0,4427.0,SPEAKER_04,高橋さんがおっしゃった生活が苦しいというのは実質賃金の話でそれは名目賃金からインフレ率を引いて求まります名目賃金を上げるというのは成長戦略で高めていくしかない先ほど私が言ったら教育への時間がかかります一方でインフレ率これもまた時間がかかるマクロの現象なんですが石上さんおっしゃるとやはり過密これによって陶器も入っていろんな不動産価格とか上がっているその意味では過密を解消していく過密を止めるこれがまずは大事なんじゃないかなそのように思います,"[{""score"": 0.26216834783554077, ""label"": ""joy""}, {""score"": 0.25867369771003723, ""label"": ""ang""}, {""score"": 0.24811698496341705, ""label"": ""neu""}, {""score"": 0.23104092478752136, ""label"": ""sad""}]"
4427.0,4429.0,SPEAKER_06,小池さんいかがでしょう,"[{""score"": 0.28581154346466064, ""label"": ""ang""}, {""score"": 0.2833467423915863, ""label"": ""neu""}, {""score"": 0.21601800620555878, ""label"": ""sad""}, {""score"": 0.21482375264167786, ""label"": ""joy""}]"
4429.0,4464.0,SPEAKER_02,私はやはりここは国策だと思います一つの自治体だけではございませんより例えば今熊本の半導体そしてまた北海道もそうでございますそれによって雇用が生まれそして経済が動いていくこのように全体を見ないとパイを削り合ってもこれは国力は増していきません国民の満足は進んでまいりません都民の命そして暮らしを守るためにももっと野党が頑張ってくれればよかったんじゃないでしょうか,"[{""score"": 0.2686130404472351, ""label"": ""neu""}, {""score"": 0.263070285320282, ""label"": ""joy""}, {""score"": 0.2477097511291504, ""label"": ""sad""}, {""score"": 0.2206069380044937, ""label"": ""ang""}]"
4464.0,4467.0,SPEAKER_06,言ってますけどれんほうさんどうですか,"[{""score"": 0.29763683676719666, ""label"": ""neu""}, {""score"": 0.2546021640300751, ""label"": ""ang""}, {""score"": 0.2389591634273529, ""label"": ""joy""}, {""score"": 0.20880180597305298, ""label"": ""sad""}]"
4467.0,4473.0,SPEAKER_03,野党が頑張っているけど与党が効かないんですよねなぜならば裏金に集中してますから,"[{""score"": 0.2748791575431824, ""label"": ""neu""}, {""score"": 0.26781949400901794, ""label"": ""joy""}, {""score"": 0.24090030789375305, ""label"": ""ang""}, {""score"": 0.2164010852575302, ""label"": ""sad""}]"
4473.0,4475.0,SPEAKER_06,だそうです小池さん,"[{""score"": 0.28662997484207153, ""label"": ""ang""}, {""score"": 0.2559375762939453, ""label"": ""neu""}, {""score"": 0.24344566464424133, ""label"": ""joy""}, {""score"": 0.2139868140220642, ""label"": ""sad""}]"
4478.0,4485.0,SPEAKER_02,その点をもっと国会でれんほうさんは国会の花ですよ頑張ってほしかったですね,"[{""score"": 0.27733421325683594, ""label"": ""ang""}, {""score"": 0.24941052496433258, ""label"": ""joy""}, {""score"": 0.24557237327098846, ""label"": ""sad""}, {""score"": 0.2276829481124878, ""label"": ""neu""}]"
4485.0,4491.0,SPEAKER_03,今度は東京都の花になりたいんですがちなみに西和歌に所属していた時って歓迎もらってました,"[{""score"": 0.2817973494529724, ""label"": ""ang""}, {""score"": 0.24039117991924286, ""label"": ""sad""}, {""score"": 0.23947016894817352, ""label"": ""joy""}, {""score"": 0.2383413016796112, ""label"": ""neu""}]"
4491.0,4493.0,SPEAKER_06,いかがでしょう,"[{""score"": 0.26785168051719666, ""label"": ""neu""}, {""score"": 0.24947403371334076, ""label"": ""ang""}, {""score"": 0.24263206124305725, ""label"": ""joy""}, {""score"": 0.24004222452640533, ""label"": ""sad""}]"
4493.0,4495.0,SPEAKER_02,ないですね,"[{""score"": 0.29203900694847107, ""label"": ""ang""}, {""score"": 0.24488882720470428, ""label"": ""neu""}, {""score"": 0.23509308695793152, ""label"": ""joy""}, {""score"": 0.22797903418540955, ""label"": ""sad""}]"
4495.0,4497.0,SPEAKER_06,はいということです,"[{""score"": 0.27088433504104614, ""label"": ""neu""}, {""score"": 0.2685692310333252, ""label"": ""ang""}, {""score"": 0.25392502546310425, ""label"": ""joy""}, {""score"": 0.20662139356136322, ""label"": ""sad""}]"
4497.0,4501.0,SPEAKER_02,パーティー権を売らないと戻してくれないわけでしょ,"[{""score"": 0.2677226662635803, ""label"": ""ang""}, {""score"": 0.2610037624835968, ""label"": ""joy""}, {""score"": 0.25726932287216187, ""label"": ""neu""}, {""score"": 0.2140042781829834, ""label"": ""sad""}]"
4501.0,4508.0,SPEAKER_03,そのシステムは入っている方の方が詳しいと思うので私はパーティーやったことがないので分かりません,"[{""score"": 0.28059226274490356, ""label"": ""neu""}, {""score"": 0.25724875926971436, ""label"": ""joy""}, {""score"": 0.24727648496627808, ""label"": ""ang""}, {""score"": 0.21488240361213684, ""label"": ""sad""}]"
4508.0,4526.0,SPEAKER_06,はいではもっともっとですね聞きたいことはたくさんありましたがそろそろ弊害の時間が近づいてまいりました最後に視聴者の皆さまにですね各候補をお伝えしたいことをご自由にお話いただければと思いますお一人2分でございますじゃあ田上さんから参りたいと思いますよろしくお願いします,"[{""score"": 0.28047865629196167, ""label"": ""ang""}, {""score"": 0.25060921907424927, ""label"": ""joy""}, {""score"": 0.2345583289861679, ""label"": ""neu""}, {""score"": 0.23435376584529877, ""label"": ""sad""}]"
4526.0,4646.0,SPEAKER_00,日本というのは古い歴史と優れた伝統もと素晴らしい国だと思いますですから手直しをして頑張れば必ず将来は開けてくるというふうに私は思っていますですから日本が世界一の中でも人種平等の世界をつくるとかいうことで重要な役割を果たしてきたわけですから諦めることなく頑張ることが大事だと日本は戦争に負けて国土がやけの腹になりましたけれども20年も経たないで東京オリンピックをやった新幹線を通したその後昭和の30年でサラリーマンの給料で8.5倍になっていますね30年でそこで止まってもう給料落ちているんですよねなぜこれはやっぱり国の守りをですねアメリカに挑んしていた結果アメリカは1980年代の半ばから日本経済弱体化に大きく火事を切って年次改革要望書とかいろんな要求を日本に突きつけてきてですね日本はこれをほぼ100%受け入れてきたんですよねアメリカがアメリカの国益を考えて日本を弱体化するために要求していることを皆受け入れた1985年の竹下大臣がベーカー財務長官にアメリカのプラザホテルに呼ばれてプラザ合意というのがなされたこれが日本経済弱体化のスタートだと思いますけどですからアメリカは決して日本のことは考えてくれないでも日本はアメリカに頼りすぎているアメリカの要尊卓した政治になっているこの台米存の政治を治すにはですねやっぱり国の守りを自分たちでできるようにしなければいけないとこれがないから結局アメリカのいうことを聞いていかざるを得ないという対戦になっていると思うんですねだから国産の戦闘機を作り国産のミサイルシステムを作り国産の情報交換装置を作り自衛隊を自立させなければ日本の国は自立できない国家の自立というのは軍の自立だと私は思いますありがとうございます,"[{""score"": 0.25525596737861633, ""label"": ""ang""}, {""score"": 0.24967697262763977, ""label"": ""neu""}, {""score"": 0.24882349371910095, ""label"": ""joy""}, {""score"": 0.24624350666999817, ""label"": ""sad""}]"
4646.0,4648.0,SPEAKER_06,では蓮舫さんお願いします,"[{""score"": 0.27260342240333557, ""label"": ""ang""}, {""score"": 0.2599644362926483, ""label"": ""neu""}, {""score"": 0.2358464002609253, ""label"": ""sad""}, {""score"": 0.23158574104309082, ""label"": ""joy""}]"
4648.0,4768.0,SPEAKER_03,はい今日はこういう討論会をしてくださって呼んでいただいてありがとうございました各講師者の皆さんのお話も聞けたし特に小池さんの話が聞けたのは私はすごく勉強になって私ならもっとやれると思いました特にその再開発の問題なんですが明治神宮外野の問題前回の候補者討論会の時の間違った認識嘘を言ってしまったのを改めてくれたのはありがたいんですがやっぱり思いがそんなにないのかなというのが非常に残念に思いましたもう一回立ち止まって日比谷もそうです火災臨海都市公園もそうです春見フラックもそうです東京都の都市再生計画都市計画をやっぱり抜本的に見直す時が来ているのではないかなと思いました子育て政策いろんなメニューを用意してくださって私が産んだ時にあったらすごい嬉しいだろうなと思うことがいっぱいあります引き継ぎたいと思いますがメニューがいっぱいあっても今生まれた子が20年後に今育っている子が10年後に大人になる時に出ていく社会が負担と不安があるんです非正規の不安小学金の負担今からそれを取り除いていったら今育っている子が社会に育つ時に選択肢が増える東京になっているそれは長い目で見て私は少子化対策だと確信をしました行政改革お金の使われ方あまりご関心がないのかなと聞いててちょっと思って実はここはもっと議論させていただきたいんですがやっぱり東京都の豊かな財政をちゃんと見える形にするそしてそこに間違いはないんだ政治の信頼を東京都から作っていくということができると思いました東京版行政事業レビューシートを入れればお金の流れが見えるそしてその成果がよく見えるということは翌年度の事業これを一回引き継いだ方がいいのか一旦立ち止まった方がいいのか政策の継続の評価にもなるんですね業格は手段その成果を都民全員にお返しをしたいと思いました,"[{""score"": 0.2655336558818817, ""label"": ""ang""}, {""score"": 0.25202512741088867, ""label"": ""joy""}, {""score"": 0.24603351950645447, ""label"": ""neu""}, {""score"": 0.23640766739845276, ""label"": ""sad""}]"
4769.0,4772.0,SPEAKER_06,ありがとうございます小池さんお願いします,"[{""score"": 0.26885631680488586, ""label"": ""ang""}, {""score"": 0.2552644908428192, ""label"": ""neu""}, {""score"": 0.24499161541461945, ""label"": ""joy""}, {""score"": 0.23088757693767548, ""label"": ""sad""}]"
4772.0,4889.0,SPEAKER_02,はい東京都さらに都政の内容をですねしっかりと都民の皆様方にお伝えをするその必要があるな情報が十分伝わってないんだなというふうに思いましたそしてまたそれを活用していただくことが重要でございますそこには共感それを勝ち取っていかなければ本来の政策の意義が十分に満たされない改めてそう思っておりますより発信を強めていきたいと考えております東京人物金情報これが集積をしていますそして国際競争力の真っ只中に問われている国際都市のその都市間でもっての競争もありますだからこそさらに磨いていくもっともっとポテンシャルを磨いていく必要があるこれが日本を牽引する人東京の役割だと考えていますただそこにお暮らしになっている都民の皆様方が満足していただかなければなりません皆様方からお預かりしている税金を見える化しさらには伸ばして有効に使っていくそしてそれを投資に当ててそれを将来のより良い成果につなげていきたいと考えています教育重要ですこの教育こそ次の時代を担っていく子どもたちそのスキルをまたグローバルに活かせるようなそういう教育を進めてまいります最近フリースクールも増えてきていますこれらについてもしっかりとめくばりをしてまいりたいと思います人こそ東京の重要な役割を担っていただいている人を育ってでこそ東京この思いをさらに強くしその時代も伸ばしていきたいと考えておりますどうぞよろしくお願いいたします,"[{""score"": 0.2726553976535797, ""label"": ""joy""}, {""score"": 0.2611059546470642, ""label"": ""neu""}, {""score"": 0.2371329367160797, ""label"": ""ang""}, {""score"": 0.22910572588443756, ""label"": ""sad""}]"
4889.0,4895.0,SPEAKER_06,ありがとうございますでは石丸さんよろしくお願いしますこれがもう最後石丸さんご自由に発言いただく最後ですね,"[{""score"": 0.29410621523857117, ""label"": ""ang""}, {""score"": 0.24515843391418457, ""label"": ""neu""}, {""score"": 0.23281516134738922, ""label"": ""joy""}, {""score"": 0.22792011499404907, ""label"": ""sad""}]"
4895.0,5014.0,,はい今日は改めて政治のための政治これは終わらせないといけないなと思いました冒頭で田中さんがこの会の趣旨をご説明されました有権者が判断に迷うから政策を比較できるようにこの会を企画されたわけですよねお互いに質問をして答弁する際にきしっと答えないというのはこれはまず視聴者国民有権者に対してものすごい失礼だと思いました政治家というものは己の身を守っている場合じゃないんです国を国民を守らないといけないんですそうしたときに優先順位がどうなっているんだろうとそこにとてつもない危機感を覚えた次第ですだからこそ改めて政治の再建これを急がねばならないというふうに思いましたその上で改めて視聴者の皆さんに都民の皆さんにお伝えをしておくんですが今これからの東京に大事なのはとにもかくにも経済ですここで東京が経済都市として奮起できなければ日本の未来が綴れます東京ですら人口減少の波には呑まれるんです東京は一大消失地ですがその巨大な事情は地方の供給によって支えられているんですその構造をまずはきちんと認識理解しどうしなきゃいけないのかそれを考えていただきたいと思いますそしてその思いを政治家にしっかりと届けてみてください今回の東京都市戦は日本の政治が変わるチャンスだと思っています日本国民が注目しています東京都民の皆さん、責任は重大です都民の皆さんの奮起に期待します,"[{""score"": 0.27244365215301514, ""label"": ""ang""}, {""score"": 0.254729300737381, ""label"": ""joy""}, {""score"": 0.24915578961372375, ""label"": ""neu""}, {""score"": 0.22367118299007416, ""label"": ""sad""}]"
5014.0,5044.0,SPEAKER_06,では時間もちょっとだけ余ったので余ったら聞こうと思っていたことだけ会見の会場が気まずくなるとあれだったので視聴者の皆さんに気になることを一つだけ手短に聞いていいですか皆さんに1個ずつ聞いてみたいと思います蓮舫さん、お答えいただけたらいいんですけども一部報道とかで事前運動じゃないかみたいな7月7日ということを書いて事前運動じゃないかみたいな指摘があるじゃないですかそこに関しては蓮舫さんどう思いますか,"[{""score"": 0.27329200506210327, ""label"": ""ang""}, {""score"": 0.2599894106388092, ""label"": ""neu""}, {""score"": 0.2445114701986313, ""label"": ""joy""}, {""score"": 0.2222071886062622, ""label"": ""sad""}]"
5044.0,5046.0,SPEAKER_03,政治活動です,"[{""score"": 0.26410412788391113, ""label"": ""ang""}, {""score"": 0.26095178723335266, ""label"": ""sad""}, {""score"": 0.24416027963161469, ""label"": ""neu""}, {""score"": 0.2307838499546051, ""label"": ""joy""}]"
5046.0,5060.0,SPEAKER_06,政治活動というふうに認識していらっしゃいますか蓮舫さんにも1個だけ気まずい質問でいいですか秋高田市長時代ですね印刷所の見払い問題があるじゃないですかここに関しては蓮舫さんどう考えているんですか,"[{""score"": 0.27700555324554443, ""label"": ""ang""}, {""score"": 0.2529166340827942, ""label"": ""neu""}, {""score"": 0.2522720694541931, ""label"": ""joy""}, {""score"": 0.2178056538105011, ""label"": ""sad""}]"
5060.0,5093.0,SPEAKER_04,個人の話です、いいですかあれはすごく極めて初歩的な事務ミスでした発注者受注者ともに明確な金額の合意はしてなかったただお互いに交付負担の範囲であると思い込んでいましたこれはメールのやり取りに記録として残っていますそういうふうに基づいて裁判所が今、法律に基づいて判断をしているという段階ですなので法律に基づいて司法が判断するその結果に後は最終的に明日がそれだけです,"[{""score"": 0.29441192746162415, ""label"": ""ang""}, {""score"": 0.25348421931266785, ""label"": ""joy""}, {""score"": 0.23086287081241608, ""label"": ""neu""}, {""score"": 0.22124098241329193, ""label"": ""sad""}]"
5093.0,5111.0,SPEAKER_06,小池さん小池さんの先ほど一番初めにテレビ東京時代のお話をいただきました僕も実はテレビ東京出身でしたそうなんですよ、加工素材でWBSのよく小池さんに見てました小池さんのTwitterのやつWBSは懐かしいなと思っていましたWBSのなんか消えちゃったじゃないですかあれなんで消えちゃったんですか,"[{""score"": 0.27383437752723694, ""label"": ""joy""}, {""score"": 0.2715498208999634, ""label"": ""ang""}, {""score"": 0.24826927483081818, ""label"": ""neu""}, {""score"": 0.2063465714454651, ""label"": ""sad""}]"
5111.0,5115.0,SPEAKER_02,権利関係を守ったということです,"[{""score"": 0.2667202055454254, ""label"": ""ang""}, {""score"": 0.26391085982322693, ""label"": ""neu""}, {""score"": 0.23533929884433746, ""label"": ""joy""}, {""score"": 0.2340296059846878, ""label"": ""sad""}]"
5115.0,5119.0,SPEAKER_06,テレビ東京の権利関係に問題があったから消えちゃった,"[{""score"": 0.28039541840553284, ""label"": ""ang""}, {""score"": 0.25761696696281433, ""label"": ""joy""}, {""score"": 0.24935032427310944, ""label"": ""neu""}, {""score"": 0.2126373052597046, ""label"": ""sad""}]"
5119.0,5156.0,SPEAKER_02,でもね、最近のSNSってすごいですねこの間私1700万回インプレッションがついたりしてこんなにインプレッションがついたんですかいやもう政治はそもそも今変わっていると思います政治の再建は進みつつありますそれはSNS、これをどうやって有効にただこのところを気をつけなければならないのディープフェイクとかいろいろありますのでこの点については考慮が必要だというふうに思っていますテレビ東京頑張ってます,"[{""score"": 0.2864803969860077, ""label"": ""ang""}, {""score"": 0.25479763746261597, ""label"": ""joy""}, {""score"": 0.23918338119983673, ""label"": ""neu""}, {""score"": 0.21953855454921722, ""label"": ""sad""}]"
5156.0,5175.0,SPEAKER_06,僕やめちゃったんで関係ないですけど田本海さんに関しては僕あんまり気まずい質問が思い浮かばなかったので全然得なないですシーといえば前回の選挙の時に一回ちょっと問題があったと思うんですよね現金を配っちゃったあれは恋だったんですかそれとも事故みたいなものだったんですか,"[{""score"": 0.2637651562690735, ""label"": ""joy""}, {""score"": 0.2573589086532593, ""label"": ""ang""}, {""score"": 0.24144479632377625, ""label"": ""sad""}, {""score"": 0.237431138753891, ""label"": ""neu""}]"
5175.0,5200.0,,あれは私は全然知らなかったんですかあれは私は全然知らない間に起こっていたことなんですけどね結局私が指示して金配ったでしょうということに結果としてなったんですよね証拠はないんです水人で有罪ということですねだからなんか日本の裁判も中国に負けてないなと裁判を経験して思いましたね実際,"[{""score"": 0.2849818468093872, ""label"": ""joy""}, {""score"": 0.2772916555404663, ""label"": ""neu""}, {""score"": 0.2336379736661911, ""label"": ""sad""}, {""score"": 0.20408861339092255, ""label"": ""ang""}]"
5200.0,5216.0,SPEAKER_06,皆様本日はですねいろいろクロストークで普段と違うところもあったと思うんですけども誠実に誠意を持ってお答えいただいて本当にありがとうございますこれで皆様の討論会の方をおしまいにしていきたいと思いますでは一回飯田さんの方にですねお渡しします,"[{""score"": 0.28557729721069336, ""label"": ""joy""}, {""score"": 0.2594735324382782, ""label"": ""ang""}, {""score"": 0.22888001799583435, ""label"": ""neu""}, {""score"": 0.22606916725635529, ""label"": ""sad""}]"
5216.0,5285.0,SPEAKER_01,本日は2024年東京都知事選挙ネット討論会をご視聴いただいた皆様そして選挙戦のお忙しい中ご参加いただいた候補者の皆様ありがとうございました今回の討論会実施に当たり候補者の皆様には事前に質問表をお送りし視聴者の皆様が政策を比較できるように一覧にしております概要欄にリンクがございますのでぜひご覧くださいまた公開討論会は我々有権者にとって政策、主張、人柄を知ることのできる数少ない機会であり全ての選挙で実施されることを願っています皆様のご意見もぜひお伺いしたいのでアンケートにご協力お願いいたしますアンケートのリンクは概要欄に記載しています東京都知事選挙は7月7日日曜日投開票です皆様が投票する際にこのネット討論会を参考にしていただければ幸いです,"[{""score"": 0.2683173716068268, ""label"": ""ang""}, {""score"": 0.2491251528263092, ""label"": ""sad""}, {""score"": 0.24317839741706848, ""label"": ""joy""}, {""score"": 0.23937897384166718, ""label"": ""neu""}]"
5285.0,5288.0,SPEAKER_06,田中さんいかがでしたか,"[{""score"": 0.27879050374031067, ""label"": ""ang""}, {""score"": 0.2519867718219757, ""label"": ""neu""}, {""score"": 0.23749369382858276, ""label"": ""joy""}, {""score"": 0.23172910511493683, ""label"": ""sad""}]"
5288.0,5308.0,SPEAKER_05,私も都民としてそして有権者の一人として本日の皆様のご意見ご回答がこんなに間近で聞くことができまして本当に投票の参考になることができました今日聞いていただいた方も参考になったかと思います本当に皆様お越しいただきましてありがとうございました,"[{""score"": 0.27183273434638977, ""label"": ""joy""}, {""score"": 0.24493408203125, ""label"": ""neu""}, {""score"": 0.24216444790363312, ""label"": ""sad""}, {""score"": 0.24106870591640472, ""label"": ""ang""}]"
5308.0,5328.0,SPEAKER_06,本当にお忙しい中に出ていただいたということにまず感謝申し上げたいと思います皆様本日は大変ありがとうございました以上ですすみません皆様本当にありがとうございましたお忙しい中ありがとうございました,"[{""score"": 0.26899662613868713, ""label"": ""ang""}, {""score"": 0.25580406188964844, ""label"": ""joy""}, {""score"": 0.24610932171344757, ""label"": ""neu""}, {""score"": 0.22909003496170044, ""label"": ""sad""}]"
5353.0,5360.0,,カメラマンの方こちらのラインまでとなっておりますカメラマンの方の方の方のお見せください,"[{""score"": 0.27277764678001404, ""label"": ""neu""}, {""score"": 0.2725381851196289, ""label"": ""joy""}, {""score"": 0.23551052808761597, ""label"": ""sad""}, {""score"": 0.2191736251115799, ""label"": ""ang""}]"
5413.0,5484.0,,カメラマンの方のお見せくださいそしたらこちらまずお見せくださいそしたら右手の方どうぞ,"[{""score"": 0.29131370782852173, ""label"": ""joy""}, {""score"": 0.26403385400772095, ""label"": ""neu""}, {""score"": 0.23918621242046356, ""label"": ""sad""}, {""score"": 0.20546622574329376, ""label"": ""ang""}]"
5485.0,5489.0,SPEAKER_06,まず下手から下手から,"[{""score"": 0.29880744218826294, ""label"": ""joy""}, {""score"": 0.26313701272010803, ""label"": ""neu""}, {""score"": 0.22182883322238922, ""label"": ""sad""}, {""score"": 0.216226726770401, ""label"": ""ang""}]"
5490.0,5492.0,SPEAKER_07,じゃあ先輩から,"[{""score"": 0.2682255506515503, ""label"": ""ang""}, {""score"": 0.2664679288864136, ""label"": ""joy""}, {""score"": 0.24066203832626343, ""label"": ""neu""}, {""score"": 0.22464445233345032, ""label"": ""sad""}]"
5494.0,5531.0,,じゃあ上手いからすみません最後東京選手のメンバーのメンバーのすみませんちょっと馬鹿的に一歩遡っていただきましたすみませんどうぞそしたらお下手いきます最後のシーズンでは右手の方どうぞ下手から高さの方,"[{""score"": 0.2935793101787567, ""label"": ""joy""}, {""score"": 0.2641247510910034, ""label"": ""neu""}, {""score"": 0.25612184405326843, ""label"": ""sad""}, {""score"": 0.18617409467697144, ""label"": ""ang""}]"
5540.0,5555.0,,じゃあ上手いから以上です皆様ありがとうございましたこの後これで候補が行われまして,"[{""score"": 0.26456570625305176, ""label"": ""joy""}, {""score"": 0.25366950035095215, ""label"": ""sad""}, {""score"": 0.24696293473243713, ""label"": ""ang""}, {""score"": 0.23480184376239777, ""label"": ""neu""}]"
5555.0,5565.0,,その後皆さん残りの方結構ありがとうございましたありがとうございました,"[{""score"": 0.2879951298236847, ""label"": ""joy""}, {""score"": 0.2486945390701294, ""label"": ""neu""}, {""score"": 0.24227337539196014, ""label"": ""sad""}, {""score"": 0.22103695571422577, ""label"": ""ang""}]"
